Workbook

Sheet Uebersicht
A1: Helferstunden-Auswertung
A2: Schlossturmschiessen 2026 · Auswertung der Einsatzliste nach Verein
A3: Datengrundlage: Einsatzliste Schlossturmschiessen 2026 (PDF vom 10.04.2026)
A5: OK-Einsätze mitzählen: | B5: NEIN | C5: JA / NEIN – «NEIN» entspricht der Zählweise im Original-Einsatzplan (OK-Mitglieder separat).
A7: Helferstunden pro Verein
A8: Einsatz | B8: Datum | C8: =IF(Stammdaten!$A$14="","",Stammdaten!$A$14) -> SV F'bach-Pf'kon | D8: =IF(Stammdaten!$A$15="","",Stammdaten!$A$15) -> MSV Wilen | E8: =IF(Stammdaten!$A$16="","",Stammdaten!$A$16) -> SV Wollerau | F8: Total
A9: =IF(Stammdaten!$A4="","",Stammdaten!$A4) -> E1 | B9: =IF(Stammdaten!$A4="","",Stammdaten!$B4) -> 46130 | C9: =IF(OR($A9="",C$8=""),"",SUMIFS(Zuteilungen!$H$2:$H$200,Zuteilungen!$A$2:$A$200,$A9,Zuteilungen!$E$2:$E$200,C$8,Zuteilungen!$F$2:$F$200,"x")+IF($B$5="JA",SUMIFS(Zuteilungen!$H$2:$H$200,Zuteilungen!$A$2:$A$200,$A9,Zuteilungen!$E$2:$E$200,C$8,Zuteilungen!$F$2:$F$200,"OK"),0)) -> 35 | D9: =IF(OR($A9="",D$8=""),"",SUMIFS(Zuteilungen!$H$2:$H$200,Zuteilungen!$A$2:$A$200,$A9,Zuteilungen!$E$2:$E$200,D$8,Zuteilungen!$F$2:$F$200,"x")+IF($B$5="JA",SUMIFS(Zuteilungen!$H$2:$H$200,Zuteilungen!$A$2:$A$200,$A9,Zuteilungen!$E$2:$E$200,D$8,Zuteilungen!$F$2:$F$200,"OK"),0)) -> 35 | E9: =IF(OR($A9="",E$8=""),"",SUMIFS(Zuteilungen!$H$2:$H$200,Zuteilungen!$A$2:$A$200,$A9,Zuteilungen!$E$2:$E$200,E$8,Zuteilungen!$F$2:$F$200,"x")+IF($B$5="JA",SUMIFS(Zuteilungen!$H$2:$H$200,Zuteilungen!$A$2:$A$200,$A9,Zuteilungen!$E$2:$E$200,E$8,Zuteilungen!$F$2:$F$200,"OK"),0)) -> 50 | F9: =IF($A9="","",SUM(C9:E9)) -> 120
A10: =IF(Stammdaten!$A5="","",Stammdaten!$A5) -> E2 | B10: =IF(Stammdaten!$A5="","",Stammdaten!$B5) -> 46130 | C10: =IF(OR($A10="",C$8=""),"",SUMIFS(Zuteilungen!$H$2:$H$200,Zuteilungen!$A$2:$A$200,$A10,Zuteilungen!$E$2:$E$200,C$8,Zuteilungen!$F$2:$F$200,"x")+IF($B$5="JA",SUMIFS(Zuteilungen!$H$2:$H$200,Zuteilungen!$A$2:$A$200,$A10,Zuteilungen!$E$2:$E$200,C$8,Zuteilungen!$F$2:$F$200,"OK"),0)) -> 30 | D10: =IF(OR($A10="",D$8=""),"",SUMIFS(Zuteilungen!$H$2:$H$200,Zuteilungen!$A$2:$A$200,$A10,Zuteilungen!$E$2:$E$200,D$8,Zuteilungen!$F$2:$F$200,"x")+IF($B$5="JA",SUMIFS(Zuteilungen!$H$2:$H$200,Zuteilungen!$A$2:$A$200,$A10,Zuteilungen!$E$2:$E$200,D$8,Zuteilungen!$F$2:$F$200,"OK"),0)) -> 20 | E10: =IF(OR($A10="",E$8=""),"",SUMIFS(Zuteilungen!$H$2:$H$200,Zuteilungen!$A$2:$A$200,$A10,Zuteilungen!$E$2:$E$200,E$8,Zuteilungen!$F$2:$F$200,"x")+IF($B$5="JA",SUMIFS(Zuteilungen!$H$2:$H$200,Zuteilungen!$A$2:$A$200,$A10,Zuteilungen!$E$2:$E$200,E$8,Zuteilungen!$F$2:$F$200,"OK"),0)) -> 45 | F10: =IF($A10="","",SUM(C10:E10)) -> 95
A11: =IF(Stammdaten!$A6="","",Stammdaten!$A6) -> E3 | B11: =IF(Stammdaten!$A6="","",Stammdaten!$B6) -> 46131 | C11: =IF(OR($A11="",C$8=""),"",SUMIFS(Zuteilungen!$H$2:$H$200,Zuteilungen!$A$2:$A$200,$A11,Zuteilungen!$E$2:$E$200,C$8,Zuteilungen!$F$2:$F$200,"x")+IF($B$5="JA",SUMIFS(Zuteilungen!$H$2:$H$200,Zuteilungen!$A$2:$A$200,$A11,Zuteilungen!$E$2:$E$200,C$8,Zuteilungen!$F$2:$F$200,"OK"),0)) -> 15 | D11: =IF(OR($A11="",D$8=""),"",SUMIFS(Zuteilungen!$H$2:$H$200,Zuteilungen!$A$2:$A$200,$A11,Zuteilungen!$E$2:$E$200,D$8,Zuteilungen!$F$2:$F$200,"x")+IF($B$5="JA",SUMIFS(Zuteilungen!$H$2:$H$200,Zuteilungen!$A$2:$A$200,$A11,Zuteilungen!$E$2:$E$200,D$8,Zuteilungen!$F$2:$F$200,"OK"),0)) -> 27 | E11: =IF(OR($A11="",E$8=""),"",SUMIFS(Zuteilungen!$H$2:$H$200,Zuteilungen!$A$2:$A$200,$A11,Zuteilungen!$E$2:$E$200,E$8,Zuteilungen!$F$2:$F$200,"x")+IF($B$5="JA",SUMIFS(Zuteilungen!$H$2:$H$200,Zuteilungen!$A$2:$A$200,$A11,Zuteilungen!$E$2:$E$200,E$8,Zuteilungen!$F$2:$F$200,"OK"),0)) -> 24 | F11: =IF($A11="","",SUM(C11:E11)) -> 66
A12: =IF(Stammdaten!$A7="","",Stammdaten!$A7) -> E4 | B12: =IF(Stammdaten!$A7="","",Stammdaten!$B7) -> 46137 | C12: =IF(OR($A12="",C$8=""),"",SUMIFS(Zuteilungen!$H$2:$H$200,Zuteilungen!$A$2:$A$200,$A12,Zuteilungen!$E$2:$E$200,C$8,Zuteilungen!$F$2:$F$200,"x")+IF($B$5="JA",SUMIFS(Zuteilungen!$H$2:$H$200,Zuteilungen!$A$2:$A$200,$A12,Zuteilungen!$E$2:$E$200,C$8,Zuteilungen!$F$2:$F$200,"OK"),0)) -> 30 | D12: =IF(OR($A12="",D$8=""),"",SUMIFS(Zuteilungen!$H$2:$H$200,Zuteilungen!$A$2:$A$200,$A12,Zuteilungen!$E$2:$E$200,D$8,Zuteilungen!$F$2:$F$200,"x")+IF($B$5="JA",SUMIFS(Zuteilungen!$H$2:$H$200,Zuteilungen!$A$2:$A$200,$A12,Zuteilungen!$E$2:$E$200,D$8,Zuteilungen!$F$2:$F$200,"OK"),0)) -> 20 | E12: =IF(OR($A12="",E$8=""),"",SUMIFS(Zuteilungen!$H$2:$H$200,Zuteilungen!$A$2:$A$200,$A12,Zuteilungen!$E$2:$E$200,E$8,Zuteilungen!$F$2:$F$200,"x")+IF($B$5="JA",SUMIFS(Zuteilungen!$H$2:$H$200,Zuteilungen!$A$2:$A$200,$A12,Zuteilungen!$E$2:$E$200,E$8,Zuteilungen!$F$2:$F$200,"OK"),0)) -> 35 | F12: =IF($A12="","",SUM(C12:E12)) -> 85
A13: =IF(Stammdaten!$A8="","",Stammdaten!$A8) -> E5 | B13: =IF(Stammdaten!$A8="","",Stammdaten!$B8) -> 45773 | C13: =IF(OR($A13="",C$8=""),"",SUMIFS(Zuteilungen!$H$2:$H$200,Zuteilungen!$A$2:$A$200,$A13,Zuteilungen!$E$2:$E$200,C$8,Zuteilungen!$F$2:$F$200,"x")+IF($B$5="JA",SUMIFS(Zuteilungen!$H$2:$H$200,Zuteilungen!$A$2:$A$200,$A13,Zuteilungen!$E$2:$E$200,C$8,Zuteilungen!$F$2:$F$200,"OK"),0)) -> 0 | D13: =IF(OR($A13="",D$8=""),"",SUMIFS(Zuteilungen!$H$2:$H$200,Zuteilungen!$A$2:$A$200,$A13,Zuteilungen!$E$2:$E$200,D$8,Zuteilungen!$F$2:$F$200,"x")+IF($B$5="JA",SUMIFS(Zuteilungen!$H$2:$H$200,Zuteilungen!$A$2:$A$200,$A13,Zuteilungen!$E$2:$E$200,D$8,Zuteilungen!$F$2:$F$200,"OK"),0)) -> 0 | E13: =IF(OR($A13="",E$8=""),"",SUMIFS(Zuteilungen!$H$2:$H$200,Zuteilungen!$A$2:$A$200,$A13,Zuteilungen!$E$2:$E$200,E$8,Zuteilungen!$F$2:$F$200,"x")+IF($B$5="JA",SUMIFS(Zuteilungen!$H$2:$H$200,Zuteilungen!$A$2:$A$200,$A13,Zuteilungen!$E$2:$E$200,E$8,Zuteilungen!$F$2:$F$200,"OK"),0)) -> 5 | F13: =IF($A13="","",SUM(C13:E13)) -> 5
A14: =IF(Stammdaten!$A9="","",Stammdaten!$A9) | B14: =IF(Stammdaten!$A9="","",Stammdaten!$B9) | C14: =IF(OR($A14="",C$8=""),"",SUMIFS(Zuteilungen!$H$2:$H$200,Zuteilungen!$A$2:$A$200,$A14,Zuteilungen!$E$2:$E$200,C$8,Zuteilungen!$F$2:$F$200,"x")+IF($B$5="JA",SUMIFS(Zuteilungen!$H$2:$H$200,Zuteilungen!$A$2:$A$200,$A14,Zuteilungen!$E$2:$E$200,C$8,Zuteilungen!$F$2:$F$200,"OK"),0)) | D14: =IF(OR($A14="",D$8=""),"",SUMIFS(Zuteilungen!$H$2:$H$200,Zuteilungen!$A$2:$A$200,$A14,Zuteilungen!$E$2:$E$200,D$8,Zuteilungen!$F$2:$F$200,"x")+IF($B$5="JA",SUMIFS(Zuteilungen!$H$2:$H$200,Zuteilungen!$A$2:$A$200,$A14,Zuteilungen!$E$2:$E$200,D$8,Zuteilungen!$F$2:$F$200,"OK"),0)) | E14: =IF(OR($A14="",E$8=""),"",SUMIFS(Zuteilungen!$H$2:$H$200,Zuteilungen!$A$2:$A$200,$A14,Zuteilungen!$E$2:$E$200,E$8,Zuteilungen!$F$2:$F$200,"x")+IF($B$5="JA",SUMIFS(Zuteilungen!$H$2:$H$200,Zuteilungen!$A$2:$A$200,$A14,Zuteilungen!$E$2:$E$200,E$8,Zuteilungen!$F$2:$F$200,"OK"),0)) | F14: =IF($A14="","",SUM(C14:E14))
A15: Total | C15: =SUM(C9:C14) -> 110 | D15: =SUM(D9:D14) -> 102 | E15: =SUM(E9:E14) -> 159 | F15: =SUM(F9:F14) -> 371
A18: Anzahl Einsätze (Helfer-Positionen) pro Verein
A19: Einsatz | B19: Datum | C19: =IF(Stammdaten!$A$14="","",Stammdaten!$A$14) -> SV F'bach-Pf'kon | D19: =IF(Stammdaten!$A$15="","",Stammdaten!$A$15) -> MSV Wilen | E19: =IF(Stammdaten!$A$16="","",Stammdaten!$A$16) -> SV Wollerau | F19: Total
A20: =IF(Stammdaten!$A4="","",Stammdaten!$A4) -> E1 | B20: =IF(Stammdaten!$A4="","",Stammdaten!$B4) -> 46130 | C20: =IF(OR($A20="",C$19=""),"",COUNTIFS(Zuteilungen!$A$2:$A$200,$A20,Zuteilungen!$E$2:$E$200,C$19,Zuteilungen!$F$2:$F$200,"x")+IF($B$5="JA",COUNTIFS(Zuteilungen!$A$2:$A$200,$A20,Zuteilungen!$E$2:$E$200,C$19,Zuteilungen!$F$2:$F$200,"OK"),0)) -> 7 | D20: =IF(OR($A20="",D$19=""),"",COUNTIFS(Zuteilungen!$A$2:$A$200,$A20,Zuteilungen!$E$2:$E$200,D$19,Zuteilungen!$F$2:$F$200,"x")+IF($B$5="JA",COUNTIFS(Zuteilungen!$A$2:$A$200,$A20,Zuteilungen!$E$2:$E$200,D$19,Zuteilungen!$F$2:$F$200,"OK"),0)) -> 7 | E20: =IF(OR($A20="",E$19=""),"",COUNTIFS(Zuteilungen!$A$2:$A$200,$A20,Zuteilungen!$E$2:$E$200,E$19,Zuteilungen!$F$2:$F$200,"x")+IF($B$5="JA",COUNTIFS(Zuteilungen!$A$2:$A$200,$A20,Zuteilungen!$E$2:$E$200,E$19,Zuteilungen!$F$2:$F$200,"OK"),0)) -> 10 | F20: =IF($A20="","",SUM(C20:E20)) -> 24
A21: =IF(Stammdaten!$A5="","",Stammdaten!$A5) -> E2 | B21: =IF(Stammdaten!$A5="","",Stammdaten!$B5) -> 46130 | C21: =IF(OR($A21="",C$19=""),"",COUNTIFS(Zuteilungen!$A$2:$A$200,$A21,Zuteilungen!$E$2:$E$200,C$19,Zuteilungen!$F$2:$F$200,"x")+IF($B$5="JA",COUNTIFS(Zuteilungen!$A$2:$A$200,$A21,Zuteilungen!$E$2:$E$200,C$19,Zuteilungen!$F$2:$F$200,"OK"),0)) -> 6 | D21: =IF(OR($A21="",D$19=""),"",COUNTIFS(Zuteilungen!$A$2:$A$200,$A21,Zuteilungen!$E$2:$E$200,D$19,Zuteilungen!$F$2:$F$200,"x")+IF($B$5="JA",COUNTIFS(Zuteilungen!$A$2:$A$200,$A21,Zuteilungen!$E$2:$E$200,D$19,Zuteilungen!$F$2:$F$200,"OK"),0)) -> 4 | E21: =IF(OR($A21="",E$19=""),"",COUNTIFS(Zuteilungen!$A$2:$A$200,$A21,Zuteilungen!$E$2:$E$200,E$19,Zuteilungen!$F$2:$F$200,"x")+IF($B$5="JA",COUNTIFS(Zuteilungen!$A$2:$A$200,$A21,Zuteilungen!$E$2:$E$200,E$19,Zuteilungen!$F$2:$F$200,"OK"),0)) -> 9 | F21: =IF($A21="","",SUM(C21:E21)) -> 19
A22: =IF(Stammdaten!$A6="","",Stammdaten!$A6) -> E3 | B22: =IF(Stammdaten!$A6="","",Stammdaten!$B6) -> 46131 | C22: =IF(OR($A22="",C$19=""),"",COUNTIFS(Zuteilungen!$A$2:$A$200,$A22,Zuteilungen!$E$2:$E$200,C$19,Zuteilungen!$F$2:$F$200,"x")+IF($B$5="JA",COUNTIFS(Zuteilungen!$A$2:$A$200,$A22,Zuteilungen!$E$2:$E$200,C$19,Zuteilungen!$F$2:$F$200,"OK"),0)) -> 5 | D22: =IF(OR($A22="",D$19=""),"",COUNTIFS(Zuteilungen!$A$2:$A$200,$A22,Zuteilungen!$E$2:$E$200,D$19,Zuteilungen!$F$2:$F$200,"x")+IF($B$5="JA",COUNTIFS(Zuteilungen!$A$2:$A$200,$A22,Zuteilungen!$E$2:$E$200,D$19,Zuteilungen!$F$2:$F$200,"OK"),0)) -> 9 | E22: =IF(OR($A22="",E$19=""),"",COUNTIFS(Zuteilungen!$A$2:$A$200,$A22,Zuteilungen!$E$2:$E$200,E$19,Zuteilungen!$F$2:$F$200,"x")+IF($B$5="JA",COUNTIFS(Zuteilungen!$A$2:$A$200,$A22,Zuteilungen!$E$2:$E$200,E$19,Zuteilungen!$F$2:$F$200,"OK"),0)) -> 8 | F22: =IF($A22="","",SUM(C22:E22)) -> 22
A23: =IF(Stammdaten!$A7="","",Stammdaten!$A7) -> E4 | B23: =IF(Stammdaten!$A7="","",Stammdaten!$B7) -> 46137 | C23: =IF(OR($A23="",C$19=""),"",COUNTIFS(Zuteilungen!$A$2:$A$200,$A23,Zuteilungen!$E$2:$E$200,C$19,Zuteilungen!$F$2:$F$200,"x")+IF($B$5="JA",COUNTIFS(Zuteilungen!$A$2:$A$200,$A23,Zuteilungen!$E$2:$E$200,C$19,Zuteilungen!$F$2:$F$200,"OK"),0)) -> 6 | D23: =IF(OR($A23="",D$19=""),"",COUNTIFS(Zuteilungen!$A$2:$A$200,$A23,Zuteilungen!$E$2:$E$200,D$19,Zuteilungen!$F$2:$F$200,"x")+IF($B$5="JA",COUNTIFS(Zuteilungen!$A$2:$A$200,$A23,Zuteilungen!$E$2:$E$200,D$19,Zuteilungen!$F$2:$F$200,"OK"),0)) -> 4 | E23: =IF(OR($A23="",E$19=""),"",COUNTIFS(Zuteilungen!$A$2:$A$200,$A23,Zuteilungen!$E$2:$E$200,E$19,Zuteilungen!$F$2:$F$200,"x")+IF($B$5="JA",COUNTIFS(Zuteilungen!$A$2:$A$200,$A23,Zuteilungen!$E$2:$E$200,E$19,Zuteilungen!$F$2:$F$200,"OK"),0)) -> 7 | F23: =IF($A23="","",SUM(C23:E23)) -> 17
A24: =IF(Stammdaten!$A8="","",Stammdaten!$A8) -> E5 | B24: =IF(Stammdaten!$A8="","",Stammdaten!$B8) -> 45773 | C24: =IF(OR($A24="",C$19=""),"",COUNTIFS(Zuteilungen!$A$2:$A$200,$A24,Zuteilungen!$E$2:$E$200,C$19,Zuteilungen!$F$2:$F$200,"x")+IF($B$5="JA",COUNTIFS(Zuteilungen!$A$2:$A$200,$A24,Zuteilungen!$E$2:$E$200,C$19,Zuteilungen!$F$2:$F$200,"OK"),0)) -> 0 | D24: =IF(OR($A24="",D$19=""),"",COUNTIFS(Zuteilungen!$A$2:$A$200,$A24,Zuteilungen!$E$2:$E$200,D$19,Zuteilungen!$F$2:$F$200,"x")+IF($B$5="JA",COUNTIFS(Zuteilungen!$A$2:$A$200,$A24,Zuteilungen!$E$2:$E$200,D$19,Zuteilungen!$F$2:$F$200,"OK"),0)) -> 0 | E24: =IF(OR($A24="",E$19=""),"",COUNTIFS(Zuteilungen!$A$2:$A$200,$A24,Zuteilungen!$E$2:$E$200,E$19,Zuteilungen!$F$2:$F$200,"x")+IF($B$5="JA",COUNTIFS(Zuteilungen!$A$2:$A$200,$A24,Zuteilungen!$E$2:$E$200,E$19,Zuteilungen!$F$2:$F$200,"OK"),0)) -> 1 | F24: =IF($A24="","",SUM(C24:E24)) -> 1
A25: =IF(Stammdaten!$A9="","",Stammdaten!$A9) | B25: =IF(Stammdaten!$A9="","",Stammdaten!$B9) | C25: =IF(OR($A25="",C$19=""),"",COUNTIFS(Zuteilungen!$A$2:$A$200,$A25,Zuteilungen!$E$2:$E$200,C$19,Zuteilungen!$F$2:$F$200,"x")+IF($B$5="JA",COUNTIFS(Zuteilungen!$A$2:$A$200,$A25,Zuteilungen!$E$2:$E$200,C$19,Zuteilungen!$F$2:$F$200,"OK"),0)) | D25: =IF(OR($A25="",D$19=""),"",COUNTIFS(Zuteilungen!$A$2:$A$200,$A25,Zuteilungen!$E$2:$E$200,D$19,Zuteilungen!$F$2:$F$200,"x")+IF($B$5="JA",COUNTIFS(Zuteilungen!$A$2:$A$200,$A25,Zuteilungen!$E$2:$E$200,D$19,Zuteilungen!$F$2:$F$200,"OK"),0)) | E25: =IF(OR($A25="",E$19=""),"",COUNTIFS(Zuteilungen!$A$2:$A$200,$A25,Zuteilungen!$E$2:$E$200,E$19,Zuteilungen!$F$2:$F$200,"x")+IF($B$5="JA",COUNTIFS(Zuteilungen!$A$2:$A$200,$A25,Zuteilungen!$E$2:$E$200,E$19,Zuteilungen!$F$2:$F$200,"OK"),0)) | F25: =IF($A25="","",SUM(C25:E25))
A26: Total | C26: =SUM(C20:C25) -> 24 | D26: =SUM(D20:D25) -> 24 | E26: =SUM(E20:E25) -> 35 | F26: =SUM(F20:F25) -> 83
A29: Gesamtabrechnung pro Verein
A30: Position | C30: =IF(Stammdaten!$A$14="","",Stammdaten!$A$14) -> SV F'bach-Pf'kon | D30: =IF(Stammdaten!$A$15="","",Stammdaten!$A$15) -> MSV Wilen | E30: =IF(Stammdaten!$A$16="","",Stammdaten!$A$16) -> SV Wollerau | F30: Total
A31: Einsätze gemäss Einsatzliste | C31: =IF(C$8="","",C15) -> 110 | D31: =IF(D$8="","",D15) -> 102 | E31: =IF(E$8="","",E15) -> 159 | F31: =F15 -> 371
A32: Diverse Vor- & Nacharbeiten | C32: =IF(C$30="","",SUMIFS('Vor- und Nacharbeiten'!$D$5:$D$64,'Vor- und Nacharbeiten'!$C$5:$C$64,C$30,'Vor- und Nacharbeiten'!$E$5:$E$64,"x")+IF($B$5="JA",SUMIFS('Vor- und Nacharbeiten'!$D$5:$D$64,'Vor- und Nacharbeiten'!$C$5:$C$64,C$30,'Vor- und Nacharbeiten'!$E$5:$E$64,"OK"),0)) -> 108 | D32: =IF(D$30="","",SUMIFS('Vor- und Nacharbeiten'!$D$5:$D$64,'Vor- und Nacharbeiten'!$C$5:$C$64,D$30,'Vor- und Nacharbeiten'!$E$5:$E$64,"x")+IF($B$5="JA",SUMIFS('Vor- und Nacharbeiten'!$D$5:$D$64,'Vor- und Nacharbeiten'!$C$5:$C$64,D$30,'Vor- und Nacharbeiten'!$E$5:$E$64,"OK"),0)) -> 103 | E32: =IF(E$30="","",SUMIFS('Vor- und Nacharbeiten'!$D$5:$D$64,'Vor- und Nacharbeiten'!$C$5:$C$64,E$30,'Vor- und Nacharbeiten'!$E$5:$E$64,"x")+IF($B$5="JA",SUMIFS('Vor- und Nacharbeiten'!$D$5:$D$64,'Vor- und Nacharbeiten'!$C$5:$C$64,E$30,'Vor- und Nacharbeiten'!$E$5:$E$64,"OK"),0)) -> 62 | F32: =SUM(C32:E32) -> 273
A33: Total Helferstunden | C33: =N(C31)+N(C32) -> 218 | D33: =N(D31)+N(D32) -> 205 | E33: =N(E31)+N(E32) -> 221 | F33: =N(F31)+N(F32) -> 644
A34: Anteil in % | C34: =IF($F33=0,"",C33/$F33) -> 0.33850932 | D34: =IF($F33=0,"",D33/$F33) -> 0.31832298 | E34: =IF($F33=0,"",E33/$F33) -> 0.3431677 | F34: =IF($F33=0,"",F33/$F33) -> 1
A37: Kennzahlen
A38: Helferstunden total (alle Vereine) | C38: =IF(F15="",0,F15) -> 371
A39: Einsätze total (Helfer-Positionen) | C39: =F26 -> 83
A40: Davon mit Status "OK" (Organisationskomitee) | C40: =COUNTIFS(Zuteilungen!$F$2:$F$200,"OK") -> 15
A41: Stunden der OK-Einsätze | C41: =SUMIFS(Zuteilungen!$H$2:$H$200,Zuteilungen!$F$2:$F$200,"OK") -> 65
A42: Noch offene Positionen (ohne Status) | C42: =COUNTIFS(Zuteilungen!$D$2:$D$200,"<>",Zuteilungen!$F$2:$F$200,"") -> 0
A43: Stunden Vor- & Nacharbeiten | C43: =N(F32) -> 273
A44: Zeilen mit Kommentar / Korrektur | C44: =COUNTIFS(Zuteilungen!$D$2:$D$200,"<>",Zuteilungen!$I$2:$I$200,"<>") -> 1
A47: So ergänzt du manuell
A48: Gelb hinterlegte Zellen sind Eingabefelder – alles andere rechnet sich automatisch.
A49: Neue Helfer erfassen: Blatt «Zuteilungen», erste freie Zeile ausfüllen. Beispiel:
A50: Einsatz-ID = E2 | Funktion = Warner | Name = Muster Hans | Verein = MSV Wilen | Status = x
A51: Spalten «Datum» und «Stunden» füllen sich selbst – dort nichts eintragen.
A52: Kommentieren: Spalte «Bemerkung / Kommentar» (I) im Blatt «Zuteilungen» – bei jeder Zeile möglich. Alle kommentierten Zeilen erscheinen automatisch im Blatt «Korrekturen».
A53: Abweichende Einsatzdauer für eine Person: Spalte «Stunden manuell» (G) setzen, z. B. 2.50. Sie überschreibt die Standarddauer.
A54: Einsatzdauer generell ändern: Blatt «Stammdaten», Spalten «Dauer» und «Zuschlag Treffpunkt».
A55: Zusätzlicher Einsatztag oder zusätzlicher Verein: Blatt «Stammdaten», freie Zeile in der jeweiligen Tabelle ausfüllen.
A56: Nachtrag: E5 = vergessener Einsatz Blättler Renata vom 26.04.2025 (grün markiert im Blatt «Zuteilungen»).
A57: Status «x» = regulärer Helfer, «OK» = Mitglied Organisationskomitee. Mit dem Schalter oben steuerst du, ob OK-Einsätze den Vereinen angerechnet werden.

Sheet Original PDF
A1: Original-Einsatzliste (Abbild des PDF)
A2: 1:1-Abbild der Einsatzliste Schlossturmschiessen 2026 zur manuellen Kontrolle. Dieses Blatt enthält keine Auswertungslogik – ausgewertet wird das Blatt «Zuteilungen».
A4: Datum | B4: Samstag, 18.04.2026 | F4: Samstag, 18.04.2026 | J4: Sonntag, 19.04.2026 | N4: Samstag, 25.04.2026
A5: Zeit | B5: 08.00 – 12.00 Uhr | F5: 13.30 – 17.00 Uhr | J5: 09.30 – 11.30 Uhr | N5: 08.00 – 12.00 Uhr
A6: Treffpunkt | B6: 07.30 Uhr (Büro 07.15) | F6: 13.15 Uhr (Büro 13.00) | J6: 09.00 Uhr (Büro 08.45) | N6: 07.30 Uhr (Büro 07.15)
A7: Funktion | B7: Name / Vorname | C7: F'bach-Pf'kon | D7: Wilen | E7: Wollerau | F7: Name / Vorname | G7: F'bach-Pf'kon | H7: Wilen | I7: Wollerau | J7: Name / Vorname | K7: F'bach-Pf'kon | L7: Wilen | M7: Wollerau | N7: Name / Vorname | O7: F'bach-Pf'kon | P7: Wilen | Q7: Wollerau
A8: Parkdienst | B8: Schuler René | E8: x | F8: Schuler René | I8: x | J8: Schuler René | M8: x | N8: Schuler René | Q8: x
A9: Parkdienst | B9: Schuler Karl | C9: x | F9: Ott Arthur | I9: x | J9: Ott Arthur | M9: x
A10: Parkdienst | B10: Bernd Daniel | E10: x | F10: Bernd Daniel | I10: x
A12: Türkontrolle | B12: Dubach Urs | E12: x | F12: Dubach Urs | I12: x | J12: Schuler Karl | K12: x | N12: Schuler Karl | O12: x
A14: Standblätter | B14: Fuchs Marcel | E14: x | F14: Bürgi Adrian | I14: x | J14: Fuchs Michael | L14: x | N14: Fuchs Marcel | Q14: x
A15: Kasse | B15: Schober Hanspeter | D15: x | F15: Schober Hanspeter | H15: x | J15: Lanelli Philipp | K15: OK | N15: Lanelli Philipp | O15: OK
A16: Munition | B16: Kobel Stefan | E16: x | F16: Kobel Stefan | I16: x | J16: Kobel Stefan | M16: x | N16: Sturzenegger Robert | P16: x
A17: Auszahlung | B17: Odermatt Marcel | C17: x | F17: Odermatt Marcel | G17: x | J17: Steinegger Josef | M17: x | N17: Schuler Werner | O17: OK
A18: Auszeichnungen | B18: Pargätzi Bruna | C18: OK | F18: Fuchs Armin | I18: x | J18: Reuteler Pascal | M18: x | N18: Reuteler Pascal | Q18: ?
A20: EDV / Anlage | B20: Linggi Renato | D20: OK | F20: Linggi Renato | H20: OK | J20: Linggi Renato | L20: OK | N20: Linggi Renato | P20: OK
A21: Schiessleitung | B21: Linggi Andreas | D21: OK | F21: Linggi Andreas | H21: OK | J21: Linggi Andreas | L21: OK | N21: Linggi Andreas | P21: OK
A22: Schützenmeister | B22: Schmucki Marco | E22: x | F22: Schmucki Marco | I22: x | J22: Thomi Ivo | L22: x | N22: Flühler Beat | O22: x
A23: Schützenmeister | B23: von Euw Stefan | D23: x | J23: Lienert Roman | L23: x | N23: Lienert Roman | P23: x
A24: Schützenmeister | B24: von Euw Alexander | D24: x | J24: Kälin Norbert | L24: x
A26: Kurier | B26: Linggi Renato | D26: OK | F26: Unterkofler Mark | H26: x | J26: Lienert Elin | L26: x | N26: Lienert Elin | P26: x
A27: Znüni / Zvieri | B27: Flühler Georges | C27: x | F27: Flühler Georges | G27: x | J27: Flühler Georges | K27: x | N27: Flühler Georges | O27: x
A28: Znüni / Zvieri | B28: Wyler Hanspeter | C28: x | F28: Wyler Hanspeter | G28: x | J28: Strickler Julius | K28: x | N28: Strickler Julius | O28: x
A30: Warner | B30: Blättler Renata | E30: x | F30: Blättler Renata | I30: x | J30: Kälin Joshua | L30: x | N30: Zimmermann Jack | O30: x
A31: Warner | B31: König Marcus | D31: x | F31: König Marcus | H31: x | J31: König Marcus | L31: x | N31: König Marcus | P31: x
A32: Warner | B32: Weinen Ingo | D32: x | F32: Weinen Ingo | H32: x | J32: Weinen Ingo | L32: x | N32: Schuler Walter | Q32: x
A33: Warner | B33: Graden Rolf | C33: x | F33: Graden Rolf | G33: x | J33: Schuler Walter | M33: x | N33: Gerber Guido | Q33: x
A34: Warner | B34: Jehli Christian | C34: x | F34: Jehli Christian | G34: x | J34: Gerber Guido | M34: x | N34: Jehli Christian | O34: x
A35: Warner | B35: Steiner Alfred | C35: x | F35: Steiner Alfred | G35: x | J35: Steiner Alfred | K35: x | N35: Betschart Sabrina | Q35: x
A36: Warner | B36: von Euw Judith | D36: x | J36: von Euw Judith | L36: x | N36: Bürgi Roland | Q36: x
A37: Warner | B37: Bürgi Roland | E37: x | J37: Bürgi Roland | M37: x
A38: Warner | B38: Betschart Sabrina | E38: x | J38: Wyler Hanspeter | K38: x
A39: Warner | B39: Steinegger Josef | E39: x | J39: Pargätzi Bruna | M39: OK
A40: Warner | B40: Unterkofler Mark | D40: x | J40: Schuler Werner | K40: OK
A42: Total «x» in diesem Blatt | C42: =COUNTIF(C8:C40,"x") -> 7 | D42: =COUNTIF(D8:D40,"x") -> 7 | E42: =COUNTIF(E8:E40,"x") -> 10 | G42: =COUNTIF(G8:G40,"x") -> 6 | H42: =COUNTIF(H8:H40,"x") -> 4 | I42: =COUNTIF(I8:I40,"x") -> 9 | K42: =COUNTIF(K8:K40,"x") -> 5 | L42: =COUNTIF(L8:L40,"x") -> 9 | M42: =COUNTIF(M8:M40,"x") -> 8 | O42: =COUNTIF(O8:O40,"x") -> 6 | P42: =COUNTIF(P8:P40,"x") -> 4 | Q42: =COUNTIF(Q8:Q40,"x") -> 6
A43: Total gemäss PDF (Kontrollzeile) | C43: 7 | D43: 7 | E43: 10 | G43: 6 | H43: 4 | I43: 9 | K43: 5 | L43: 9 | M43: 8 | O43: 6 | P43: 4 | Q43: 6
A44: Differenz (muss 0 sein) | C44: =C42-C43 -> 0 | D44: =D42-D43 -> 0 | E44: =E42-E43 -> 0 | G44: =G42-G43 -> 0 | H44: =H42-H43 -> 0 | I44: =I42-I43 -> 0 | K44: =K42-K43 -> 0 | L44: =L42-L43 -> 0 | M44: =M42-M43 -> 0 | O44: =O42-O43 -> 0 | P44: =P42-P43 -> 0 | Q44: =Q42-Q43 -> 0
A46: Abgleich mit Blatt «Zuteilungen» | C46: =COUNTIFS(Zuteilungen!$A$2:$A$200,"E1",Zuteilungen!$E$2:$E$200,Stammdaten!$A$14,Zuteilungen!$F$2:$F$200,"x") -> 7 | D46: =COUNTIFS(Zuteilungen!$A$2:$A$200,"E1",Zuteilungen!$E$2:$E$200,Stammdaten!$A$15,Zuteilungen!$F$2:$F$200,"x") -> 7 | E46: =COUNTIFS(Zuteilungen!$A$2:$A$200,"E1",Zuteilungen!$E$2:$E$200,Stammdaten!$A$16,Zuteilungen!$F$2:$F$200,"x") -> 10 | G46: =COUNTIFS(Zuteilungen!$A$2:$A$200,"E2",Zuteilungen!$E$2:$E$200,Stammdaten!$A$14,Zuteilungen!$F$2:$F$200,"x") -> 6 | H46: =COUNTIFS(Zuteilungen!$A$2:$A$200,"E2",Zuteilungen!$E$2:$E$200,Stammdaten!$A$15,Zuteilungen!$F$2:$F$200,"x") -> 4 | I46: =COUNTIFS(Zuteilungen!$A$2:$A$200,"E2",Zuteilungen!$E$2:$E$200,Stammdaten!$A$16,Zuteilungen!$F$2:$F$200,"x") -> 9 | K46: =COUNTIFS(Zuteilungen!$A$2:$A$200,"E3",Zuteilungen!$E$2:$E$200,Stammdaten!$A$14,Zuteilungen!$F$2:$F$200,"x") -> 5 | L46: =COUNTIFS(Zuteilungen!$A$2:$A$200,"E3",Zuteilungen!$E$2:$E$200,Stammdaten!$A$15,Zuteilungen!$F$2:$F$200,"x") -> 9 | M46: =COUNTIFS(Zuteilungen!$A$2:$A$200,"E3",Zuteilungen!$E$2:$E$200,Stammdaten!$A$16,Zuteilungen!$F$2:$F$200,"x") -> 8 | O46: =COUNTIFS(Zuteilungen!$A$2:$A$200,"E4",Zuteilungen!$E$2:$E$200,Stammdaten!$A$14,Zuteilungen!$F$2:$F$200,"x") -> 6 | P46: =COUNTIFS(Zuteilungen!$A$2:$A$200,"E4",Zuteilungen!$E$2:$E$200,Stammdaten!$A$15,Zuteilungen!$F$2:$F$200,"x") -> 4 | Q46: =COUNTIFS(Zuteilungen!$A$2:$A$200,"E4",Zuteilungen!$E$2:$E$200,Stammdaten!$A$16,Zuteilungen!$F$2:$F$200,"x") -> 7
A48: Legende: «x» = regulärer Helfer · «OK» = Mitglied Organisationskomitee · rotes «?» = im PDF ohne Markierung.
A49: Die Zeile «Abgleich» zählt dieselben Einsätze im Blatt «Zuteilungen» – sie muss mit der Zeile «Total «x» in diesem Blatt» übereinstimmen.

Sheet Zuteilungen
A1: Einsatz-ID | B1: Datum | C1: Funktion | D1: Name / Vorname | E1: Verein | F1: Status | G1: Stunden manuell | H1: Stunden | I1: Bemerkung / Kommentar | J1: Korr-Nr
A2: E1 | B2: =IF($A2="","",IFERROR(INDEX(Stammdaten!$B$4:$B$9,MATCH($A2,Stammdaten!$A$4:$A$9,0)),"")) -> 46130 | C2: Parkdienst | D2: Schuler René | E2: SV Wollerau | F2: x | H2: =IF($D2="","",IF($F2="",0,IF($G2<>"",$G2,IFERROR(INDEX(Stammdaten!$G$4:$G$9,MATCH($A2,Stammdaten!$A$4:$A$9,0)),0)))) -> 5 | J2: =IF(AND($D2<>"",$I2<>""),COUNTIFS($D$2:$D2,"<>",$I$2:$I2,"<>"),"")
A3: E2 | B3: =IF($A3="","",IFERROR(INDEX(Stammdaten!$B$4:$B$9,MATCH($A3,Stammdaten!$A$4:$A$9,0)),"")) -> 46130 | C3: Parkdienst | D3: Schuler René | E3: SV Wollerau | F3: x | H3: =IF($D3="","",IF($F3="",0,IF($G3<>"",$G3,IFERROR(INDEX(Stammdaten!$G$4:$G$9,MATCH($A3,Stammdaten!$A$4:$A$9,0)),0)))) -> 5 | J3: =IF(AND($D3<>"",$I3<>""),COUNTIFS($D$2:$D3,"<>",$I$2:$I3,"<>"),"")
A4: E3 | B4: =IF($A4="","",IFERROR(INDEX(Stammdaten!$B$4:$B$9,MATCH($A4,Stammdaten!$A$4:$A$9,0)),"")) -> 46131 | C4: Parkdienst | D4: Schuler René | E4: SV Wollerau | F4: x | H4: =IF($D4="","",IF($F4="",0,IF($G4<>"",$G4,IFERROR(INDEX(Stammdaten!$G$4:$G$9,MATCH($A4,Stammdaten!$A$4:$A$9,0)),0)))) -> 3 | J4: =IF(AND($D4<>"",$I4<>""),COUNTIFS($D$2:$D4,"<>",$I$2:$I4,"<>"),"")
A5: E4 | B5: =IF($A5="","",IFERROR(INDEX(Stammdaten!$B$4:$B$9,MATCH($A5,Stammdaten!$A$4:$A$9,0)),"")) -> 46137 | C5: Parkdienst | D5: Schuler René | E5: SV Wollerau | F5: x | H5: =IF($D5="","",IF($F5="",0,IF($G5<>"",$G5,IFERROR(INDEX(Stammdaten!$G$4:$G$9,MATCH($A5,Stammdaten!$A$4:$A$9,0)),0)))) -> 5 | J5: =IF(AND($D5<>"",$I5<>""),COUNTIFS($D$2:$D5,"<>",$I$2:$I5,"<>"),"")
A6: E1 | B6: =IF($A6="","",IFERROR(INDEX(Stammdaten!$B$4:$B$9,MATCH($A6,Stammdaten!$A$4:$A$9,0)),"")) -> 46130 | C6: Parkdienst | D6: Schuler Karl | E6: SV F'bach-Pf'kon | F6: x | H6: =IF($D6="","",IF($F6="",0,IF($G6<>"",$G6,IFERROR(INDEX(Stammdaten!$G$4:$G$9,MATCH($A6,Stammdaten!$A$4:$A$9,0)),0)))) -> 5 | J6: =IF(AND($D6<>"",$I6<>""),COUNTIFS($D$2:$D6,"<>",$I$2:$I6,"<>"),"")
A7: E2 | B7: =IF($A7="","",IFERROR(INDEX(Stammdaten!$B$4:$B$9,MATCH($A7,Stammdaten!$A$4:$A$9,0)),"")) -> 46130 | C7: Parkdienst | D7: Ott Arthur | E7: SV Wollerau | F7: x | H7: =IF($D7="","",IF($F7="",0,IF($G7<>"",$G7,IFERROR(INDEX(Stammdaten!$G$4:$G$9,MATCH($A7,Stammdaten!$A$4:$A$9,0)),0)))) -> 5 | J7: =IF(AND($D7<>"",$I7<>""),COUNTIFS($D$2:$D7,"<>",$I$2:$I7,"<>"),"")
A8: E3 | B8: =IF($A8="","",IFERROR(INDEX(Stammdaten!$B$4:$B$9,MATCH($A8,Stammdaten!$A$4:$A$9,0)),"")) -> 46131 | C8: Parkdienst | D8: Ott Arthur | E8: SV Wollerau | F8: x | H8: =IF($D8="","",IF($F8="",0,IF($G8<>"",$G8,IFERROR(INDEX(Stammdaten!$G$4:$G$9,MATCH($A8,Stammdaten!$A$4:$A$9,0)),0)))) -> 3 | J8: =IF(AND($D8<>"",$I8<>""),COUNTIFS($D$2:$D8,"<>",$I$2:$I8,"<>"),"")
A9: E1 | B9: =IF($A9="","",IFERROR(INDEX(Stammdaten!$B$4:$B$9,MATCH($A9,Stammdaten!$A$4:$A$9,0)),"")) -> 46130 | C9: Parkdienst | D9: Bernd Daniel | E9: SV Wollerau | F9: x | H9: =IF($D9="","",IF($F9="",0,IF($G9<>"",$G9,IFERROR(INDEX(Stammdaten!$G$4:$G$9,MATCH($A9,Stammdaten!$A$4:$A$9,0)),0)))) -> 5 | J9: =IF(AND($D9<>"",$I9<>""),COUNTIFS($D$2:$D9,"<>",$I$2:$I9,"<>"),"")
A10: E2 | B10: =IF($A10="","",IFERROR(INDEX(Stammdaten!$B$4:$B$9,MATCH($A10,Stammdaten!$A$4:$A$9,0)),"")) -> 46130 | C10: Parkdienst | D10: Bernd Daniel | E10: SV Wollerau | F10: x | H10: =IF($D10="","",IF($F10="",0,IF($G10<>"",$G10,IFERROR(INDEX(Stammdaten!$G$4:$G$9,MATCH($A10,Stammdaten!$A$4:$A$9,0)),0)))) -> 5 | J10: =IF(AND($D10<>"",$I10<>""),COUNTIFS($D$2:$D10,"<>",$I$2:$I10,"<>"),"")
A11: E1 | B11: =IF($A11="","",IFERROR(INDEX(Stammdaten!$B$4:$B$9,MATCH($A11,Stammdaten!$A$4:$A$9,0)),"")) -> 46130 | C11: Türkontrolle | D11: Dubach Urs | E11: SV Wollerau | F11: x | H11: =IF($D11="","",IF($F11="",0,IF($G11<>"",$G11,IFERROR(INDEX(Stammdaten!$G$4:$G$9,MATCH($A11,Stammdaten!$A$4:$A$9,0)),0)))) -> 5 | J11: =IF(AND($D11<>"",$I11<>""),COUNTIFS($D$2:$D11,"<>",$I$2:$I11,"<>"),"")
A12: E2 | B12: =IF($A12="","",IFERROR(INDEX(Stammdaten!$B$4:$B$9,MATCH($A12,Stammdaten!$A$4:$A$9,0)),"")) -> 46130 | C12: Türkontrolle | D12: Dubach Urs | E12: SV Wollerau | F12: x | H12: =IF($D12="","",IF($F12="",0,IF($G12<>"",$G12,IFERROR(INDEX(Stammdaten!$G$4:$G$9,MATCH($A12,Stammdaten!$A$4:$A$9,0)),0)))) -> 5 | J12: =IF(AND($D12<>"",$I12<>""),COUNTIFS($D$2:$D12,"<>",$I$2:$I12,"<>"),"")
A13: E3 | B13: =IF($A13="","",IFERROR(INDEX(Stammdaten!$B$4:$B$9,MATCH($A13,Stammdaten!$A$4:$A$9,0)),"")) -> 46131 | C13: Türkontrolle | D13: Schuler Karl | E13: SV F'bach-Pf'kon | F13: x | H13: =IF($D13="","",IF($F13="",0,IF($G13<>"",$G13,IFERROR(INDEX(Stammdaten!$G$4:$G$9,MATCH($A13,Stammdaten!$A$4:$A$9,0)),0)))) -> 3 | J13: =IF(AND($D13<>"",$I13<>""),COUNTIFS($D$2:$D13,"<>",$I$2:$I13,"<>"),"")
... A98: E3 | B98: =IF($A98="","",IFERROR(INDEX(Stammdaten!$B$4:$B$9,MATCH($A98,Stammdaten!$A$4:$A$9,0)),"")) -> 46131 | C98: Warner | D98: Schuler Werner | E98: SV F'bach-Pf'kon | F98: OK | H98: =IF($D98="","",IF($F98="",0,IF($G98<>"",$G98,IFERROR(INDEX(Stammdaten!$G$4:$G$9,MATCH($A98,Stammdaten!$A$4:$A$9,0)),0)))) -> 3 | J98: =IF(AND($D98<>"",$I98<>""),COUNTIFS($D$2:$D98,"<>",$I$2:$I98,"<>"),"")
A99: E5 | B99: =IF($A99="","",IFERROR(INDEX(Stammdaten!$B$4:$B$9,MATCH($A99,Stammdaten!$A$4:$A$9,0)),"")) -> 45773 | C99: Warner | D99: Blättler Renata | E99: SV Wollerau | F99: x | H99: =IF($D99="","",IF($F99="",0,IF($G99<>"",$G99,IFERROR(INDEX(Stammdaten!$G$4:$G$9,MATCH($A99,Stammdaten!$A$4:$A$9,0)),0)))) -> 5 | I99: Nachtrag: Einsatz Samstag, 26.04.2025 vormittags – in der Liste 2026 nicht erfasst (in der Abrechnung 2025 ohne Stundenwert) | J99: =IF(AND($D99<>"",$I99<>""),COUNTIFS($D$2:$D99,"<>",$I$2:$I99,"<>"),"") -> 1
B100: =IF($A100="","",IFERROR(INDEX(Stammdaten!$B$4:$B$9,MATCH($A100,Stammdaten!$A$4:$A$9,0)),"")) | H100: =IF($D100="","",IF($F100="",0,IF($G100<>"",$G100,IFERROR(INDEX(Stammdaten!$G$4:$G$9,MATCH($A100,Stammdaten!$A$4:$A$9,0)),0)))) | J100: =IF(AND($D100<>"",$I100<>""),COUNTIFS($D$2:$D100,"<>",$I$2:$I100,"<>"),"")
B101: =IF($A101="","",IFERROR(INDEX(Stammdaten!$B$4:$B$9,MATCH($A101,Stammdaten!$A$4:$A$9,0)),"")) | H101: =IF($D101="","",IF($F101="",0,IF($G101<>"",$G101,IFERROR(INDEX(Stammdaten!$G$4:$G$9,MATCH($A101,Stammdaten!$A$4:$A$9,0)),0)))) | J101: =IF(AND($D101<>"",$I101<>""),COUNTIFS($D$2:$D101,"<>",$I$2:$I101,"<>"),"")
B102: =IF($A102="","",IFERROR(INDEX(Stammdaten!$B$4:$B$9,MATCH($A102,Stammdaten!$A$4:$A$9,0)),"")) | H102: =IF($D102="","",IF($F102="",0,IF($G102<>"",$G102,IFERROR(INDEX(Stammdaten!$G$4:$G$9,MATCH($A102,Stammdaten!$A$4:$A$9,0)),0)))) | J102: =IF(AND($D102<>"",$I102<>""),COUNTIFS($D$2:$D102,"<>",$I$2:$I102,"<>"),"")
B103: =IF($A103="","",IFERROR(INDEX(Stammdaten!$B$4:$B$9,MATCH($A103,Stammdaten!$A$4:$A$9,0)),"")) | H103: =IF($D103="","",IF($F103="",0,IF($G103<>"",$G103,IFERROR(INDEX(Stammdaten!$G$4:$G$9,MATCH($A103,Stammdaten!$A$4:$A$9,0)),0)))) | J103: =IF(AND($D103<>"",$I103<>""),COUNTIFS($D$2:$D103,"<>",$I$2:$I103,"<>"),"")
B104: =IF($A104="","",IFERROR(INDEX(Stammdaten!$B$4:$B$9,MATCH($A104,Stammdaten!$A$4:$A$9,0)),"")) | H104: =IF($D104="","",IF($F104="",0,IF($G104<>"",$G104,IFERROR(INDEX(Stammdaten!$G$4:$G$9,MATCH($A104,Stammdaten!$A$4:$A$9,0)),0)))) | J104: =IF(AND($D104<>"",$I104<>""),COUNTIFS($D$2:$D104,"<>",$I$2:$I104,"<>"),"")
B105: =IF($A105="","",IFERROR(INDEX(Stammdaten!$B$4:$B$9,MATCH($A105,Stammdaten!$A$4:$A$9,0)),"")) | H105: =IF($D105="","",IF($F105="",0,IF($G105<>"",$G105,IFERROR(INDEX(Stammdaten!$G$4:$G$9,MATCH($A105,Stammdaten!$A$4:$A$9,0)),0)))) | J105: =IF(AND($D105<>"",$I105<>""),COUNTIFS($D$2:$D105,"<>",$I$2:$I105,"<>"),"")
B106: =IF($A106="","",IFERROR(INDEX(Stammdaten!$B$4:$B$9,MATCH($A106,Stammdaten!$A$4:$A$9,0)),"")) | H106: =IF($D106="","",IF($F106="",0,IF($G106<>"",$G106,IFERROR(INDEX(Stammdaten!$G$4:$G$9,MATCH($A106,Stammdaten!$A$4:$A$9,0)),0)))) | J106: =IF(AND($D106<>"",$I106<>""),COUNTIFS($D$2:$D106,"<>",$I$2:$I106,"<>"),"")
B107: =IF($A107="","",IFERROR(INDEX(Stammdaten!$B$4:$B$9,MATCH($A107,Stammdaten!$A$4:$A$9,0)),"")) | H107: =IF($D107="","",IF($F107="",0,IF($G107<>"",$G107,IFERROR(INDEX(Stammdaten!$G$4:$G$9,MATCH($A107,Stammdaten!$A$4:$A$9,0)),0)))) | J107: =IF(AND($D107<>"",$I107<>""),COUNTIFS($D$2:$D107,"<>",$I$2:$I107,"<>"),"")
B108: =IF($A108="","",IFERROR(INDEX(Stammdaten!$B$4:$B$9,MATCH($A108,Stammdaten!$A$4:$A$9,0)),"")) | H108: =IF($D108="","",IF($F108="",0,IF($G108<>"",$G108,IFERROR(INDEX(Stammdaten!$G$4:$G$9,MATCH($A108,Stammdaten!$A$4:$A$9,0)),0)))) | J108: =IF(AND($D108<>"",$I108<>""),COUNTIFS($D$2:$D108,"<>",$I$2:$I108,"<>"),"")
B109: =IF($A109="","",IFERROR(INDEX(Stammdaten!$B$4:$B$9,MATCH($A109,Stammdaten!$A$4:$A$9,0)),"")) | H109: =IF($D109="","",IF($F109="",0,IF($G109<>"",$G109,IFERROR(INDEX(Stammdaten!$G$4:$G$9,MATCH($A109,Stammdaten!$A$4:$A$9,0)),0)))) | J109: =IF(AND($D109<>"",$I109<>""),COUNTIFS($D$2:$D109,"<>",$I$2:$I109,"<>"),"")
B110: =IF($A110="","",IFERROR(INDEX(Stammdaten!$B$4:$B$9,MATCH($A110,Stammdaten!$A$4:$A$9,0)),"")) | H110: =IF($D110="","",IF($F110="",0,IF($G110<>"",$G110,IFERROR(INDEX(Stammdaten!$G$4:$G$9,MATCH($A110,Stammdaten!$A$4:$A$9,0)),0)))) | J110: =IF(AND($D110<>"",$I110<>""),COUNTIFS($D$2:$D110,"<>",$I$2:$I110,"<>"),"")
B111: =IF($A111="","",IFERROR(INDEX(Stammdaten!$B$4:$B$9,MATCH($A111,Stammdaten!$A$4:$A$9,0)),"")) | H111: =IF($D111="","",IF($F111="",0,IF($G111<>"",$G111,IFERROR(INDEX(Stammdaten!$G$4:$G$9,MATCH($A111,Stammdaten!$A$4:$A$9,0)),0)))) | J111: =IF(AND($D111<>"",$I111<>""),COUNTIFS($D$2:$D111,"<>",$I$2:$I111,"<>"),"")
... B200: =IF($A200="","",IFERROR(INDEX(Stammdaten!$B$4:$B$9,MATCH($A200,Stammdaten!$A$4:$A$9,0)),"")) | H200: =IF($D200="","",IF($F200="",0,IF($G200<>"",$G200,IFERROR(INDEX(Stammdaten!$G$4:$G$9,MATCH($A200,Stammdaten!$A$4:$A$9,0)),0)))) | J200: =IF(AND($D200<>"",$I200<>""),COUNTIFS($D$2:$D200,"<>",$I$2:$I200,"<>"),"")

Sheet Stammdaten
A1: Stammdaten
A2: Gelbe Zellen sind Eingabefelder. Änderungen wirken sich sofort auf alle Auswertungen aus.
A3: Einsatz-ID | B3: Datum | C3: Zeit | D3: Treffpunkt | E3: Dauer (h) | F3: Zuschlag Treffpunkt (h) | G3: Stunden pro Einsatz | H3: Bemerkung
A4: E1 | B4: 46130 | C4: 08.00 – 12.00 Uhr | D4: 07.30 Uhr (Büro 07.15) | E4: 5 | F4: 0 | G4: =IF($A4="","",N($E4)+N($F4)) -> 5 | H4: 1. Samstag, Vormittag · Pauschale 5.00 gemäss Abrechnung 2025
A5: E2 | B5: 46130 | C5: 13.30 – 17.00 Uhr | D5: 13.15 Uhr (Büro 13.00) | E5: 5 | F5: 0 | G5: =IF($A5="","",N($E5)+N($F5)) -> 5 | H5: 1. Samstag, Nachmittag · Pauschale 5.00 gemäss Abrechnung 2025
A6: E3 | B6: 46131 | C6: 09.30 – 11.30 Uhr | D6: 09.00 Uhr (Büro 08.45) | E6: 3 | F6: 0 | G6: =IF($A6="","",N($E6)+N($F6)) -> 3 | H6: Sonntag · Pauschale 3.00 gemäss Abrechnung 2025
A7: E4 | B7: 46137 | C7: 08.00 – 12.00 Uhr | D7: 07.30 Uhr (Büro 07.15) | E7: 5 | F7: 0 | G7: =IF($A7="","",N($E7)+N($F7)) -> 5 | H7: 2. Samstag · Pauschale 5.00 gemäss Abrechnung 2025
A8: E5 | B8: 45773 | C8: vormittags | E8: 5 | F8: 0 | G8: =IF($A8="","",N($E8)+N($F8)) -> 5 | H8: NACHTRAG aus 2025 – Samstagvormittag, Pauschale 5.00 gemäss Abrechnung 2025
G9: =IF($A9="","",N($E9)+N($F9)) | H9: freie Zeile für einen zusätzlichen Einsatz
A11: Hinweis: «Dauer» = Pauschale pro Helfereinsatz (5.00 Samstag / 3.00 Sonntag, wie in der Abrechnung 2025). Über «Zuschlag Treffpunkt» lässt sich bei Bedarf zusätzlich aufrechnen.
A12: Vereine
A13: Verein | B13: Bemerkung
A14: SV F'bach-Pf'kon
A15: MSV Wilen
A16: SV Wollerau
B17: freie Zeile für einen zusätzlichen Verein
B18: freie Zeile für einen zusätzlichen Verein
B19: freie Zeile für einen zusätzlichen Verein

Sheet Pro Person
A1: Name / Vorname | B1: Verein | C1: Anzahl Einsätze | D1: Helferstunden
A2: Flühler Beat | B2: SV F'bach-Pf'kon | C2: =IF($A2="","",COUNTIFS(Zuteilungen!$D$2:$D$200,$A2,Zuteilungen!$F$2:$F$200,"x")+IF(Uebersicht!$B$5="JA",COUNTIFS(Zuteilungen!$D$2:$D$200,$A2,Zuteilungen!$F$2:$F$200,"OK"),0)) -> 1 | D2: =IF($A2="","",SUMIFS(Zuteilungen!$H$2:$H$200,Zuteilungen!$D$2:$D$200,$A2,Zuteilungen!$F$2:$F$200,"x")+IF(Uebersicht!$B$5="JA",SUMIFS(Zuteilungen!$H$2:$H$200,Zuteilungen!$D$2:$D$200,$A2,Zuteilungen!$F$2:$F$200,"OK"),0)) -> 5
A3: Flühler Georges | B3: SV F'bach-Pf'kon | C3: =IF($A3="","",COUNTIFS(Zuteilungen!$D$2:$D$200,$A3,Zuteilungen!$F$2:$F$200,"x")+IF(Uebersicht!$B$5="JA",COUNTIFS(Zuteilungen!$D$2:$D$200,$A3,Zuteilungen!$F$2:$F$200,"OK"),0)) -> 4 | D3: =IF($A3="","",SUMIFS(Zuteilungen!$H$2:$H$200,Zuteilungen!$D$2:$D$200,$A3,Zuteilungen!$F$2:$F$200,"x")+IF(Uebersicht!$B$5="JA",SUMIFS(Zuteilungen!$H$2:$H$200,Zuteilungen!$D$2:$D$200,$A3,Zuteilungen!$F$2:$F$200,"OK"),0)) -> 18
A4: Graden Rolf | B4: SV F'bach-Pf'kon | C4: =IF($A4="","",COUNTIFS(Zuteilungen!$D$2:$D$200,$A4,Zuteilungen!$F$2:$F$200,"x")+IF(Uebersicht!$B$5="JA",COUNTIFS(Zuteilungen!$D$2:$D$200,$A4,Zuteilungen!$F$2:$F$200,"OK"),0)) -> 2 | D4: =IF($A4="","",SUMIFS(Zuteilungen!$H$2:$H$200,Zuteilungen!$D$2:$D$200,$A4,Zuteilungen!$F$2:$F$200,"x")+IF(Uebersicht!$B$5="JA",SUMIFS(Zuteilungen!$H$2:$H$200,Zuteilungen!$D$2:$D$200,$A4,Zuteilungen!$F$2:$F$200,"OK"),0)) -> 10
A5: Jehli Christian | B5: SV F'bach-Pf'kon | C5: =IF($A5="","",COUNTIFS(Zuteilungen!$D$2:$D$200,$A5,Zuteilungen!$F$2:$F$200,"x")+IF(Uebersicht!$B$5="JA",COUNTIFS(Zuteilungen!$D$2:$D$200,$A5,Zuteilungen!$F$2:$F$200,"OK"),0)) -> 3 | D5: =IF($A5="","",SUMIFS(Zuteilungen!$H$2:$H$200,Zuteilungen!$D$2:$D$200,$A5,Zuteilungen!$F$2:$F$200,"x")+IF(Uebersicht!$B$5="JA",SUMIFS(Zuteilungen!$H$2:$H$200,Zuteilungen!$D$2:$D$200,$A5,Zuteilungen!$F$2:$F$200,"OK"),0)) -> 15
A6: Lanelli Philipp | B6: SV F'bach-Pf'kon | C6: =IF($A6="","",COUNTIFS(Zuteilungen!$D$2:$D$200,$A6,Zuteilungen!$F$2:$F$200,"x")+IF(Uebersicht!$B$5="JA",COUNTIFS(Zuteilungen!$D$2:$D$200,$A6,Zuteilungen!$F$2:$F$200,"OK"),0)) -> 0 | D6: =IF($A6="","",SUMIFS(Zuteilungen!$H$2:$H$200,Zuteilungen!$D$2:$D$200,$A6,Zuteilungen!$F$2:$F$200,"x")+IF(Uebersicht!$B$5="JA",SUMIFS(Zuteilungen!$H$2:$H$200,Zuteilungen!$D$2:$D$200,$A6,Zuteilungen!$F$2:$F$200,"OK"),0)) -> 0
A7: Odermatt Marcel | B7: SV F'bach-Pf'kon | C7: =IF($A7="","",COUNTIFS(Zuteilungen!$D$2:$D$200,$A7,Zuteilungen!$F$2:$F$200,"x")+IF(Uebersicht!$B$5="JA",COUNTIFS(Zuteilungen!$D$2:$D$200,$A7,Zuteilungen!$F$2:$F$200,"OK"),0)) -> 2 | D7: =IF($A7="","",SUMIFS(Zuteilungen!$H$2:$H$200,Zuteilungen!$D$2:$D$200,$A7,Zuteilungen!$F$2:$F$200,"x")+IF(Uebersicht!$B$5="JA",SUMIFS(Zuteilungen!$H$2:$H$200,Zuteilungen!$D$2:$D$200,$A7,Zuteilungen!$F$2:$F$200,"OK"),0)) -> 10
A8: Pargätzi Bruna | B8: SV F'bach-Pf'kon | C8: =IF($A8="","",COUNTIFS(Zuteilungen!$D$2:$D$200,$A8,Zuteilungen!$F$2:$F$200,"x")+IF(Uebersicht!$B$5="JA",COUNTIFS(Zuteilungen!$D$2:$D$200,$A8,Zuteilungen!$F$2:$F$200,"OK"),0)) -> 0 | D8: =IF($A8="","",SUMIFS(Zuteilungen!$H$2:$H$200,Zuteilungen!$D$2:$D$200,$A8,Zuteilungen!$F$2:$F$200,"x")+IF(Uebersicht!$B$5="JA",SUMIFS(Zuteilungen!$H$2:$H$200,Zuteilungen!$D$2:$D$200,$A8,Zuteilungen!$F$2:$F$200,"OK"),0)) -> 0
A9: Schuler Karl | B9: SV F'bach-Pf'kon | C9: =IF($A9="","",COUNTIFS(Zuteilungen!$D$2:$D$200,$A9,Zuteilungen!$F$2:$F$200,"x")+IF(Uebersicht!$B$5="JA",COUNTIFS(Zuteilungen!$D$2:$D$200,$A9,Zuteilungen!$F$2:$F$200,"OK"),0)) -> 3 | D9: =IF($A9="","",SUMIFS(Zuteilungen!$H$2:$H$200,Zuteilungen!$D$2:$D$200,$A9,Zuteilungen!$F$2:$F$200,"x")+IF(Uebersicht!$B$5="JA",SUMIFS(Zuteilungen!$H$2:$H$200,Zuteilungen!$D$2:$D$200,$A9,Zuteilungen!$F$2:$F$200,"OK"),0)) -> 13
A10: Schuler Werner | B10: SV F'bach-Pf'kon | C10: =IF($A10="","",COUNTIFS(Zuteilungen!$D$2:$D$200,$A10,Zuteilungen!$F$2:$F$200,"x")+IF(Uebersicht!$B$5="JA",COUNTIFS(Zuteilungen!$D$2:$D$200,$A10,Zuteilungen!$F$2:$F$200,"OK"),0)) -> 0 | D10: =IF($A10="","",SUMIFS(Zuteilungen!$H$2:$H$200,Zuteilungen!$D$2:$D$200,$A10,Zuteilungen!$F$2:$F$200,"x")+IF(Uebersicht!$B$5="JA",SUMIFS(Zuteilungen!$H$2:$H$200,Zuteilungen!$D$2:$D$200,$A10,Zuteilungen!$F$2:$F$200,"OK"),0)) -> 0
A11: Steiner Alfred | B11: SV F'bach-Pf'kon | C11: =IF($A11="","",COUNTIFS(Zuteilungen!$D$2:$D$200,$A11,Zuteilungen!$F$2:$F$200,"x")+IF(Uebersicht!$B$5="JA",COUNTIFS(Zuteilungen!$D$2:$D$200,$A11,Zuteilungen!$F$2:$F$200,"OK"),0)) -> 3 | D11: =IF($A11="","",SUMIFS(Zuteilungen!$H$2:$H$200,Zuteilungen!$D$2:$D$200,$A11,Zuteilungen!$F$2:$F$200,"x")+IF(Uebersicht!$B$5="JA",SUMIFS(Zuteilungen!$H$2:$H$200,Zuteilungen!$D$2:$D$200,$A11,Zuteilungen!$F$2:$F$200,"OK"),0)) -> 13
A12: Strickler Julius | B12: SV F'bach-Pf'kon | C12: =IF($A12="","",COUNTIFS(Zuteilungen!$D$2:$D$200,$A12,Zuteilungen!$F$2:$F$200,"x")+IF(Uebersicht!$B$5="JA",COUNTIFS(Zuteilungen!$D$2:$D$200,$A12,Zuteilungen!$F$2:$F$200,"OK"),0)) -> 2 | D12: =IF($A12="","",SUMIFS(Zuteilungen!$H$2:$H$200,Zuteilungen!$D$2:$D$200,$A12,Zuteilungen!$F$2:$F$200,"x")+IF(Uebersicht!$B$5="JA",SUMIFS(Zuteilungen!$H$2:$H$200,Zuteilungen!$D$2:$D$200,$A12,Zuteilungen!$F$2:$F$200,"OK"),0)) -> 8
A13: Wyler Hanspeter | B13: SV F'bach-Pf'kon | C13: =IF($A13="","",COUNTIFS(Zuteilungen!$D$2:$D$200,$A13,Zuteilungen!$F$2:$F$200,"x")+IF(Uebersicht!$B$5="JA",COUNTIFS(Zuteilungen!$D$2:$D$200,$A13,Zuteilungen!$F$2:$F$200,"OK"),0)) -> 3 | D13: =IF($A13="","",SUMIFS(Zuteilungen!$H$2:$H$200,Zuteilungen!$D$2:$D$200,$A13,Zuteilungen!$F$2:$F$200,"x")+IF(Uebersicht!$B$5="JA",SUMIFS(Zuteilungen!$H$2:$H$200,Zuteilungen!$D$2:$D$200,$A13,Zuteilungen!$F$2:$F$200,"OK"),0)) -> 13
... A46: Steinegger Josef | B46: SV Wollerau | C46: =IF($A46="","",COUNTIFS(Zuteilungen!$D$2:$D$200,$A46,Zuteilungen!$F$2:$F$200,"x")+IF(Uebersicht!$B$5="JA",COUNTIFS(Zuteilungen!$D$2:$D$200,$A46,Zuteilungen!$F$2:$F$200,"OK"),0)) -> 2 | D46: =IF($A46="","",SUMIFS(Zuteilungen!$H$2:$H$200,Zuteilungen!$D$2:$D$200,$A46,Zuteilungen!$F$2:$F$200,"x")+IF(Uebersicht!$B$5="JA",SUMIFS(Zuteilungen!$H$2:$H$200,Zuteilungen!$D$2:$D$200,$A46,Zuteilungen!$F$2:$F$200,"OK"),0)) -> 8
C47: =IF($A47="","",COUNTIFS(Zuteilungen!$D$2:$D$200,$A47,Zuteilungen!$F$2:$F$200,"x")+IF(Uebersicht!$B$5="JA",COUNTIFS(Zuteilungen!$D$2:$D$200,$A47,Zuteilungen!$F$2:$F$200,"OK"),0)) | D47: =IF($A47="","",SUMIFS(Zuteilungen!$H$2:$H$200,Zuteilungen!$D$2:$D$200,$A47,Zuteilungen!$F$2:$F$200,"x")+IF(Uebersicht!$B$5="JA",SUMIFS(Zuteilungen!$H$2:$H$200,Zuteilungen!$D$2:$D$200,$A47,Zuteilungen!$F$2:$F$200,"OK"),0))
C48: =IF($A48="","",COUNTIFS(Zuteilungen!$D$2:$D$200,$A48,Zuteilungen!$F$2:$F$200,"x")+IF(Uebersicht!$B$5="JA",COUNTIFS(Zuteilungen!$D$2:$D$200,$A48,Zuteilungen!$F$2:$F$200,"OK"),0)) | D48: =IF($A48="","",SUMIFS(Zuteilungen!$H$2:$H$200,Zuteilungen!$D$2:$D$200,$A48,Zuteilungen!$F$2:$F$200,"x")+IF(Uebersicht!$B$5="JA",SUMIFS(Zuteilungen!$H$2:$H$200,Zuteilungen!$D$2:$D$200,$A48,Zuteilungen!$F$2:$F$200,"OK"),0))
C49: =IF($A49="","",COUNTIFS(Zuteilungen!$D$2:$D$200,$A49,Zuteilungen!$F$2:$F$200,"x")+IF(Uebersicht!$B$5="JA",COUNTIFS(Zuteilungen!$D$2:$D$200,$A49,Zuteilungen!$F$2:$F$200,"OK"),0)) | D49: =IF($A49="","",SUMIFS(Zuteilungen!$H$2:$H$200,Zuteilungen!$D$2:$D$200,$A49,Zuteilungen!$F$2:$F$200,"x")+IF(Uebersicht!$B$5="JA",SUMIFS(Zuteilungen!$H$2:$H$200,Zuteilungen!$D$2:$D$200,$A49,Zuteilungen!$F$2:$F$200,"OK"),0))
C50: =IF($A50="","",COUNTIFS(Zuteilungen!$D$2:$D$200,$A50,Zuteilungen!$F$2:$F$200,"x")+IF(Uebersicht!$B$5="JA",COUNTIFS(Zuteilungen!$D$2:$D$200,$A50,Zuteilungen!$F$2:$F$200,"OK"),0)) | D50: =IF($A50="","",SUMIFS(Zuteilungen!$H$2:$H$200,Zuteilungen!$D$2:$D$200,$A50,Zuteilungen!$F$2:$F$200,"x")+IF(Uebersicht!$B$5="JA",SUMIFS(Zuteilungen!$H$2:$H$200,Zuteilungen!$D$2:$D$200,$A50,Zuteilungen!$F$2:$F$200,"OK"),0))
C51: =IF($A51="","",COUNTIFS(Zuteilungen!$D$2:$D$200,$A51,Zuteilungen!$F$2:$F$200,"x")+IF(Uebersicht!$B$5="JA",COUNTIFS(Zuteilungen!$D$2:$D$200,$A51,Zuteilungen!$F$2:$F$200,"OK"),0)) | D51: =IF($A51="","",SUMIFS(Zuteilungen!$H$2:$H$200,Zuteilungen!$D$2:$D$200,$A51,Zuteilungen!$F$2:$F$200,"x")+IF(Uebersicht!$B$5="JA",SUMIFS(Zuteilungen!$H$2:$H$200,Zuteilungen!$D$2:$D$200,$A51,Zuteilungen!$F$2:$F$200,"OK"),0))
C52: =IF($A52="","",COUNTIFS(Zuteilungen!$D$2:$D$200,$A52,Zuteilungen!$F$2:$F$200,"x")+IF(Uebersicht!$B$5="JA",COUNTIFS(Zuteilungen!$D$2:$D$200,$A52,Zuteilungen!$F$2:$F$200,"OK"),0)) | D52: =IF($A52="","",SUMIFS(Zuteilungen!$H$2:$H$200,Zuteilungen!$D$2:$D$200,$A52,Zuteilungen!$F$2:$F$200,"x")+IF(Uebersicht!$B$5="JA",SUMIFS(Zuteilungen!$H$2:$H$200,Zuteilungen!$D$2:$D$200,$A52,Zuteilungen!$F$2:$F$200,"OK"),0))
C53: =IF($A53="","",COUNTIFS(Zuteilungen!$D$2:$D$200,$A53,Zuteilungen!$F$2:$F$200,"x")+IF(Uebersicht!$B$5="JA",COUNTIFS(Zuteilungen!$D$2:$D$200,$A53,Zuteilungen!$F$2:$F$200,"OK"),0)) | D53: =IF($A53="","",SUMIFS(Zuteilungen!$H$2:$H$200,Zuteilungen!$D$2:$D$200,$A53,Zuteilungen!$F$2:$F$200,"x")+IF(Uebersicht!$B$5="JA",SUMIFS(Zuteilungen!$H$2:$H$200,Zuteilungen!$D$2:$D$200,$A53,Zuteilungen!$F$2:$F$200,"OK"),0))
C54: =IF($A54="","",COUNTIFS(Zuteilungen!$D$2:$D$200,$A54,Zuteilungen!$F$2:$F$200,"x")+IF(Uebersicht!$B$5="JA",COUNTIFS(Zuteilungen!$D$2:$D$200,$A54,Zuteilungen!$F$2:$F$200,"OK"),0)) | D54: =IF($A54="","",SUMIFS(Zuteilungen!$H$2:$H$200,Zuteilungen!$D$2:$D$200,$A54,Zuteilungen!$F$2:$F$200,"x")+IF(Uebersicht!$B$5="JA",SUMIFS(Zuteilungen!$H$2:$H$200,Zuteilungen!$D$2:$D$200,$A54,Zuteilungen!$F$2:$F$200,"OK"),0))
C55: =IF($A55="","",COUNTIFS(Zuteilungen!$D$2:$D$200,$A55,Zuteilungen!$F$2:$F$200,"x")+IF(Uebersicht!$B$5="JA",COUNTIFS(Zuteilungen!$D$2:$D$200,$A55,Zuteilungen!$F$2:$F$200,"OK"),0)) | D55: =IF($A55="","",SUMIFS(Zuteilungen!$H$2:$H$200,Zuteilungen!$D$2:$D$200,$A55,Zuteilungen!$F$2:$F$200,"x")+IF(Uebersicht!$B$5="JA",SUMIFS(Zuteilungen!$H$2:$H$200,Zuteilungen!$D$2:$D$200,$A55,Zuteilungen!$F$2:$F$200,"OK"),0))
C56: =IF($A56="","",COUNTIFS(Zuteilungen!$D$2:$D$200,$A56,Zuteilungen!$F$2:$F$200,"x")+IF(Uebersicht!$B$5="JA",COUNTIFS(Zuteilungen!$D$2:$D$200,$A56,Zuteilungen!$F$2:$F$200,"OK"),0)) | D56: =IF($A56="","",SUMIFS(Zuteilungen!$H$2:$H$200,Zuteilungen!$D$2:$D$200,$A56,Zuteilungen!$F$2:$F$200,"x")+IF(Uebersicht!$B$5="JA",SUMIFS(Zuteilungen!$H$2:$H$200,Zuteilungen!$D$2:$D$200,$A56,Zuteilungen!$F$2:$F$200,"OK"),0))
C57: =IF($A57="","",COUNTIFS(Zuteilungen!$D$2:$D$200,$A57,Zuteilungen!$F$2:$F$200,"x")+IF(Uebersicht!$B$5="JA",COUNTIFS(Zuteilungen!$D$2:$D$200,$A57,Zuteilungen!$F$2:$F$200,"OK"),0)) | D57: =IF($A57="","",SUMIFS(Zuteilungen!$H$2:$H$200,Zuteilungen!$D$2:$D$200,$A57,Zuteilungen!$F$2:$F$200,"x")+IF(Uebersicht!$B$5="JA",SUMIFS(Zuteilungen!$H$2:$H$200,Zuteilungen!$D$2:$D$200,$A57,Zuteilungen!$F$2:$F$200,"OK"),0))
C58: =IF($A58="","",COUNTIFS(Zuteilungen!$D$2:$D$200,$A58,Zuteilungen!$F$2:$F$200,"x")+IF(Uebersicht!$B$5="JA",COUNTIFS(Zuteilungen!$D$2:$D$200,$A58,Zuteilungen!$F$2:$F$200,"OK"),0)) | D58: =IF($A58="","",SUMIFS(Zuteilungen!$H$2:$H$200,Zuteilungen!$D$2:$D$200,$A58,Zuteilungen!$F$2:$F$200,"x")+IF(Uebersicht!$B$5="JA",SUMIFS(Zuteilungen!$H$2:$H$200,Zuteilungen!$D$2:$D$200,$A58,Zuteilungen!$F$2:$F$200,"OK"),0))
... C71: =IF($A71="","",COUNTIFS(Zuteilungen!$D$2:$D$200,$A71,Zuteilungen!$F$2:$F$200,"x")+IF(Uebersicht!$B$5="JA",COUNTIFS(Zuteilungen!$D$2:$D$200,$A71,Zuteilungen!$F$2:$F$200,"OK"),0)) | D71: =IF($A71="","",SUMIFS(Zuteilungen!$H$2:$H$200,Zuteilungen!$D$2:$D$200,$A71,Zuteilungen!$F$2:$F$200,"x")+IF(Uebersicht!$B$5="JA",SUMIFS(Zuteilungen!$H$2:$H$200,Zuteilungen!$D$2:$D$200,$A71,Zuteilungen!$F$2:$F$200,"OK"),0))

Sheet Vor- und Nacharbeiten
A1: Diverse Vor- & Nacharbeiten
A2: Arbeiten ausserhalb der Einsatzliste. Alle gelben Felder sind Eingabefelder; die Stunden fliessen automatisch in die Gesamtabrechnung im Blatt «Uebersicht».
A4: Tätigkeit | B4: Name / Vorname | C4: Verein | D4: Stunden | E4: Status | F4: Bemerkung / Vorjahr 2025
A5: Festführer zusammenstellen | B5: Schuler Werner | C5: SV F'bach-Pf'kon | D5: 0 | E5: x | F5: 2025: Schuler Werner
A6: Festführer Layout / PDF druckfertig | B6: Pargätzi Bruna | C6: SV Wollerau | D6: 0 | E6: x | F6: 2025: Pargätzi Bruna
A7: Festführer Layout / PDF druckfertig | B7: Bürgi Adrian | C7: SV Wollerau | D7: 10 | E7: x | F7: 2025: Bürgi Adrian
A8: Munition bereitstellen | B8: Steinegger Josef | C8: SV Wollerau | D8: 1 | E8: x | F8: 2025: Steinegger Josef
A9: Büro einrichten / EDV / Definition Fest | B9: Linggi Renato | C9: MSV Wilen | D9: 0 | E9: x | F9: 2025: Linggi Renato
A10: Büro einrichten / EDV / Definition Fest | B10: Cavelti Roger | C10: MSV Wilen | D10: 1 | E10: x | F10: 2025: Cavelti Roger
A11: Büro einrichten / EDV / Definition Fest | E11: x | F11: 2025: Schuler Werner
A12: Verpflegung | B12: Flühler Georges | C12: SV F'bach-Pf'kon | D12: 4 | E12: x | F12: 2025: Flühler Georges
A13: Verpflegung | B13: Wyler Hanspeter | C13: SV F'bach-Pf'kon | D13: 4 | E13: x | F13: 2025: Wyler Hanspeter
A14: Vorschiessen (2x Mittwochabend) | B14: Schuler Werner (Büro) | C14: SV F'bach-Pf'kon | D14: 0 | E14: x | F14: 2025: Schuler Werner (Büro)
A15: Vorschiessen (2x Mittwochabend) | B15: Linggi Res (SM) | C15: MSV Wilen | D15: 0 | E15: x | F15: 2025: Linggi Res (SM)
A16: Vorschiessen (2x Mittwochabend) | B16: Cavelti Roger | C16: MSV Wilen | D16: 2 | E16: x | F16: 2025: Linggi Renato
A17: Aufräumen Reklamen | B17: Schuler Werner | C17: SV F'bach-Pf'kon | D17: 0 | E17: x | F17: 2025: Schuler Werner
A18: Aufräumen Büro / EDV / Munition | B18: Linggi Renato | C18: MSV Wilen | D18: 0 | E18: x | F18: 2025: Linggi Renato
A19: Aufräumen Büro / EDV / Munition | B19: Cavelti Roger | C19: SV Wollerau | D19: 1 | E19: x | F19: 2025: Steinegger Josef
A20: OK – Präsident | B20: Linggi Renato | C20: MSV Wilen | D20: 50 | E20: x | F20: 2025: Linggi Renato
A21: OK – Werbung / Sponsoring | B21: Schuler Werner | C21: SV F'bach-Pf'kon | D21: 50 | E21: x | F21: 2025: Schuler Werner
A22: OK – Kasse | B22: Lanelli Philipp | C22: SV F'bach-Pf'kon | D22: 50 | E22: x | F22: 2025: Lanelli Philipp
A23: OK – Schützenmeister | B23: Linggi Andreas | C23: MSV Wilen | D23: 50 | E23: x | F23: 2025: Linggi Res
A24: OK – Anmeldung / Internet | B24: Pargätzi Bruna | C24: SV Wollerau | D24: 50 | E24: x | F24: 2025: Pargätzi Bruna
A66: Total pro Verein | D66: Stunden «x» | E66: Stunden «OK»
A67: =IF(Stammdaten!$A$14="","",Stammdaten!$A$14) -> SV F'bach-Pf'kon | D67: =SUMIFS($D$5:$D$64,$C$5:$C$64,$A67,$E$5:$E$64,"x") -> 108 | E67: =SUMIFS($D$5:$D$64,$C$5:$C$64,$A67,$E$5:$E$64,"OK") -> 0
A68: =IF(Stammdaten!$A$15="","",Stammdaten!$A$15) -> MSV Wilen | D68: =SUMIFS($D$5:$D$64,$C$5:$C$64,$A68,$E$5:$E$64,"x") -> 103 | E68: =SUMIFS($D$5:$D$64,$C$5:$C$64,$A68,$E$5:$E$64,"OK") -> 0
A69: =IF(Stammdaten!$A$16="","",Stammdaten!$A$16) -> SV Wollerau | D69: =SUMIFS($D$5:$D$64,$C$5:$C$64,$A69,$E$5:$E$64,"x") -> 62 | E69: =SUMIFS($D$5:$D$64,$C$5:$C$64,$A69,$E$5:$E$64,"OK") -> 0
A71: Hinweis: Die Tätigkeiten stammen aus der Abrechnung 2025 und sind als Vorlage eingetragen – Zeilen frei änder-, lösch- und ergänzbar.
A72: Status «x» zählt dem Verein an, «OK» nur wenn der Schalter in der Übersicht auf JA steht. In der Abrechnung 2025 wurden OK-Stunden separat ausgewiesen.

Sheet Korrekturen
A1: Korrekturen & Kommentare
A2: Listet automatisch jede Zeile aus dem Blatt «Zuteilungen», in der ein Kommentar erfasst ist – manuelle Nachträge, Korrekturen und Anmerkungen. Kommentiert wird immer im Blatt «Zuteilungen», Spalte I.
A4: Nr. | B4: Einsatz | C4: Datum | D4: Funktion | E4: Name / Vorname | F4: Verein | G4: Status | H4: Stunden | I4: Kommentar
A5: =IFERROR(IF(MATCH(1,Zuteilungen!$J$2:$J$200,0)>0,1,""),"") -> 1 | B5: =IFERROR(IF(INDEX(Zuteilungen!$A$2:$A$200,MATCH(1,Zuteilungen!$J$2:$J$200,0))="","",INDEX(Zuteilungen!$A$2:$A$200,MATCH(1,Zuteilungen!$J$2:$J$200,0))),"") -> E5 | C5: =IFERROR(IF(INDEX(Zuteilungen!$B$2:$B$200,MATCH(1,Zuteilungen!$J$2:$J$200,0))="","",INDEX(Zuteilungen!$B$2:$B$200,MATCH(1,Zuteilungen!$J$2:$J$200,0))),"") -> 45773 | D5: =IFERROR(IF(INDEX(Zuteilungen!$C$2:$C$200,MATCH(1,Zuteilungen!$J$2:$J$200,0))="","",INDEX(Zuteilungen!$C$2:$C$200,MATCH(1,Zuteilungen!$J$2:$J$200,0))),"") -> Warner | E5: =IFERROR(IF(INDEX(Zuteilungen!$D$2:$D$200,MATCH(1,Zuteilungen!$J$2:$J$200,0))="","",INDEX(Zuteilungen!$D$2:$D$200,MATCH(1,Zuteilungen!$J$2:$J$200,0))),"") -> Blättler Renata | F5: =IFERROR(IF(INDEX(Zuteilungen!$E$2:$E$200,MATCH(1,Zuteilungen!$J$2:$J$200,0))="","",INDEX(Zuteilungen!$E$2:$E$200,MATCH(1,Zuteilungen!$J$2:$J$200,0))),"") -> SV Wollerau | G5: =IFERROR(IF(INDEX(Zuteilungen!$F$2:$F$200,MATCH(1,Zuteilungen!$J$2:$J$200,0))="","",INDEX(Zuteilungen!$F$2:$F$200,MATCH(1,Zuteilungen!$J$2:$J$200,0))),"") -> x | H5: =IFERROR(IF(INDEX(Zuteilungen!$H$2:$H$200,MATCH(1,Zuteilungen!$J$2:$J$200,0))="","",INDEX(Zuteilungen!$H$2:$H$200,MATCH(1,Zuteilungen!$J$2:$J$200,0))),"") -> 5 | I5: =IFERROR(IF(INDEX(Zuteilungen!$I$2:$I$200,MATCH(1,Zuteilungen!$J$2:$J$200,0))="","",INDEX(Zuteilungen!$I$2:$I$200,MATCH(1,Zuteilungen!$J$2:$J$200,0))),"") -> Nachtrag: Einsatz Samstag, 26.04.2025 vormittags – in der Liste 2026 nicht erfasst (in der Abrechnung 2025 ohne Stundenwert)
A6: =IFERROR(IF(MATCH(2,Zuteilungen!$J$2:$J$200,0)>0,2,""),"") | B6: =IFERROR(IF(INDEX(Zuteilungen!$A$2:$A$200,MATCH(2,Zuteilungen!$J$2:$J$200,0))="","",INDEX(Zuteilungen!$A$2:$A$200,MATCH(2,Zuteilungen!$J$2:$J$200,0))),"") | C6: =IFERROR(IF(INDEX(Zuteilungen!$B$2:$B$200,MATCH(2,Zuteilungen!$J$2:$J$200,0))="","",INDEX(Zuteilungen!$B$2:$B$200,MATCH(2,Zuteilungen!$J$2:$J$200,0))),"") | D6: =IFERROR(IF(INDEX(Zuteilungen!$C$2:$C$200,MATCH(2,Zuteilungen!$J$2:$J$200,0))="","",INDEX(Zuteilungen!$C$2:$C$200,MATCH(2,Zuteilungen!$J$2:$J$200,0))),"") | E6: =IFERROR(IF(INDEX(Zuteilungen!$D$2:$D$200,MATCH(2,Zuteilungen!$J$2:$J$200,0))="","",INDEX(Zuteilungen!$D$2:$D$200,MATCH(2,Zuteilungen!$J$2:$J$200,0))),"") | F6: =IFERROR(IF(INDEX(Zuteilungen!$E$2:$E$200,MATCH(2,Zuteilungen!$J$2:$J$200,0))="","",INDEX(Zuteilungen!$E$2:$E$200,MATCH(2,Zuteilungen!$J$2:$J$200,0))),"") | G6: =IFERROR(IF(INDEX(Zuteilungen!$F$2:$F$200,MATCH(2,Zuteilungen!$J$2:$J$200,0))="","",INDEX(Zuteilungen!$F$2:$F$200,MATCH(2,Zuteilungen!$J$2:$J$200,0))),"") | H6: =IFERROR(IF(INDEX(Zuteilungen!$H$2:$H$200,MATCH(2,Zuteilungen!$J$2:$J$200,0))="","",INDEX(Zuteilungen!$H$2:$H$200,MATCH(2,Zuteilungen!$J$2:$J$200,0))),"") | I6: =IFERROR(IF(INDEX(Zuteilungen!$I$2:$I$200,MATCH(2,Zuteilungen!$J$2:$J$200,0))="","",INDEX(Zuteilungen!$I$2:$I$200,MATCH(2,Zuteilungen!$J$2:$J$200,0))),"")
A7: =IFERROR(IF(MATCH(3,Zuteilungen!$J$2:$J$200,0)>0,3,""),"") | B7: =IFERROR(IF(INDEX(Zuteilungen!$A$2:$A$200,MATCH(3,Zuteilungen!$J$2:$J$200,0))="","",INDEX(Zuteilungen!$A$2:$A$200,MATCH(3,Zuteilungen!$J$2:$J$200,0))),"") | C7: =IFERROR(IF(INDEX(Zuteilungen!$B$2:$B$200,MATCH(3,Zuteilungen!$J$2:$J$200,0))="","",INDEX(Zuteilungen!$B$2:$B$200,MATCH(3,Zuteilungen!$J$2:$J$200,0))),"") | D7: =IFERROR(IF(INDEX(Zuteilungen!$C$2:$C$200,MATCH(3,Zuteilungen!$J$2:$J$200,0))="","",INDEX(Zuteilungen!$C$2:$C$200,MATCH(3,Zuteilungen!$J$2:$J$200,0))),"") | E7: =IFERROR(IF(INDEX(Zuteilungen!$D$2:$D$200,MATCH(3,Zuteilungen!$J$2:$J$200,0))="","",INDEX(Zuteilungen!$D$2:$D$200,MATCH(3,Zuteilungen!$J$2:$J$200,0))),"") | F7: =IFERROR(IF(INDEX(Zuteilungen!$E$2:$E$200,MATCH(3,Zuteilungen!$J$2:$J$200,0))="","",INDEX(Zuteilungen!$E$2:$E$200,MATCH(3,Zuteilungen!$J$2:$J$200,0))),"") | G7: =IFERROR(IF(INDEX(Zuteilungen!$F$2:$F$200,MATCH(3,Zuteilungen!$J$2:$J$200,0))="","",INDEX(Zuteilungen!$F$2:$F$200,MATCH(3,Zuteilungen!$J$2:$J$200,0))),"") | H7: =IFERROR(IF(INDEX(Zuteilungen!$H$2:$H$200,MATCH(3,Zuteilungen!$J$2:$J$200,0))="","",INDEX(Zuteilungen!$H$2:$H$200,MATCH(3,Zuteilungen!$J$2:$J$200,0))),"") | I7: =IFERROR(IF(INDEX(Zuteilungen!$I$2:$I$200,MATCH(3,Zuteilungen!$J$2:$J$200,0))="","",INDEX(Zuteilungen!$I$2:$I$200,MATCH(3,Zuteilungen!$J$2:$J$200,0))),"")
A8: =IFERROR(IF(MATCH(4,Zuteilungen!$J$2:$J$200,0)>0,4,""),"") | B8: =IFERROR(IF(INDEX(Zuteilungen!$A$2:$A$200,MATCH(4,Zuteilungen!$J$2:$J$200,0))="","",INDEX(Zuteilungen!$A$2:$A$200,MATCH(4,Zuteilungen!$J$2:$J$200,0))),"") | C8: =IFERROR(IF(INDEX(Zuteilungen!$B$2:$B$200,MATCH(4,Zuteilungen!$J$2:$J$200,0))="","",INDEX(Zuteilungen!$B$2:$B$200,MATCH(4,Zuteilungen!$J$2:$J$200,0))),"") | D8: =IFERROR(IF(INDEX(Zuteilungen!$C$2:$C$200,MATCH(4,Zuteilungen!$J$2:$J$200,0))="","",INDEX(Zuteilungen!$C$2:$C$200,MATCH(4,Zuteilungen!$J$2:$J$200,0))),"") | E8: =IFERROR(IF(INDEX(Zuteilungen!$D$2:$D$200,MATCH(4,Zuteilungen!$J$2:$J$200,0))="","",INDEX(Zuteilungen!$D$2:$D$200,MATCH(4,Zuteilungen!$J$2:$J$200,0))),"") | F8: =IFERROR(IF(INDEX(Zuteilungen!$E$2:$E$200,MATCH(4,Zuteilungen!$J$2:$J$200,0))="","",INDEX(Zuteilungen!$E$2:$E$200,MATCH(4,Zuteilungen!$J$2:$J$200,0))),"") | G8: =IFERROR(IF(INDEX(Zuteilungen!$F$2:$F$200,MATCH(4,Zuteilungen!$J$2:$J$200,0))="","",INDEX(Zuteilungen!$F$2:$F$200,MATCH(4,Zuteilungen!$J$2:$J$200,0))),"") | H8: =IFERROR(IF(INDEX(Zuteilungen!$H$2:$H$200,MATCH(4,Zuteilungen!$J$2:$J$200,0))="","",INDEX(Zuteilungen!$H$2:$H$200,MATCH(4,Zuteilungen!$J$2:$J$200,0))),"") | I8: =IFERROR(IF(INDEX(Zuteilungen!$I$2:$I$200,MATCH(4,Zuteilungen!$J$2:$J$200,0))="","",INDEX(Zuteilungen!$I$2:$I$200,MATCH(4,Zuteilungen!$J$2:$J$200,0))),"")
A9: =IFERROR(IF(MATCH(5,Zuteilungen!$J$2:$J$200,0)>0,5,""),"") | B9: =IFERROR(IF(INDEX(Zuteilungen!$A$2:$A$200,MATCH(5,Zuteilungen!$J$2:$J$200,0))="","",INDEX(Zuteilungen!$A$2:$A$200,MATCH(5,Zuteilungen!$J$2:$J$200,0))),"") | C9: =IFERROR(IF(INDEX(Zuteilungen!$B$2:$B$200,MATCH(5,Zuteilungen!$J$2:$J$200,0))="","",INDEX(Zuteilungen!$B$2:$B$200,MATCH(5,Zuteilungen!$J$2:$J$200,0))),"") | D9: =IFERROR(IF(INDEX(Zuteilungen!$C$2:$C$200,MATCH(5,Zuteilungen!$J$2:$J$200,0))="","",INDEX(Zuteilungen!$C$2:$C$200,MATCH(5,Zuteilungen!$J$2:$J$200,0))),"") | E9: =IFERROR(IF(INDEX(Zuteilungen!$D$2:$D$200,MATCH(5,Zuteilungen!$J$2:$J$200,0))="","",INDEX(Zuteilungen!$D$2:$D$200,MATCH(5,Zuteilungen!$J$2:$J$200,0))),"") | F9: =IFERROR(IF(INDEX(Zuteilungen!$E$2:$E$200,MATCH(5,Zuteilungen!$J$2:$J$200,0))="","",INDEX(Zuteilungen!$E$2:$E$200,MATCH(5,Zuteilungen!$J$2:$J$200,0))),"") | G9: =IFERROR(IF(INDEX(Zuteilungen!$F$2:$F$200,MATCH(5,Zuteilungen!$J$2:$J$200,0))="","",INDEX(Zuteilungen!$F$2:$F$200,MATCH(5,Zuteilungen!$J$2:$J$200,0))),"") | H9: =IFERROR(IF(INDEX(Zuteilungen!$H$2:$H$200,MATCH(5,Zuteilungen!$J$2:$J$200,0))="","",INDEX(Zuteilungen!$H$2:$H$200,MATCH(5,Zuteilungen!$J$2:$J$200,0))),"") | I9: =IFERROR(IF(INDEX(Zuteilungen!$I$2:$I$200,MATCH(5,Zuteilungen!$J$2:$J$200,0))="","",INDEX(Zuteilungen!$I$2:$I$200,MATCH(5,Zuteilungen!$J$2:$J$200,0))),"")
A10: =IFERROR(IF(MATCH(6,Zuteilungen!$J$2:$J$200,0)>0,6,""),"") | B10: =IFERROR(IF(INDEX(Zuteilungen!$A$2:$A$200,MATCH(6,Zuteilungen!$J$2:$J$200,0))="","",INDEX(Zuteilungen!$A$2:$A$200,MATCH(6,Zuteilungen!$J$2:$J$200,0))),"") | C10: =IFERROR(IF(INDEX(Zuteilungen!$B$2:$B$200,MATCH(6,Zuteilungen!$J$2:$J$200,0))="","",INDEX(Zuteilungen!$B$2:$B$200,MATCH(6,Zuteilungen!$J$2:$J$200,0))),"") | D10: =IFERROR(IF(INDEX(Zuteilungen!$C$2:$C$200,MATCH(6,Zuteilungen!$J$2:$J$200,0))="","",INDEX(Zuteilungen!$C$2:$C$200,MATCH(6,Zuteilungen!$J$2:$J$200,0))),"") | E10: =IFERROR(IF(INDEX(Zuteilungen!$D$2:$D$200,MATCH(6,Zuteilungen!$J$2:$J$200,0))="","",INDEX(Zuteilungen!$D$2:$D$200,MATCH(6,Zuteilungen!$J$2:$J$200,0))),"") | F10: =IFERROR(IF(INDEX(Zuteilungen!$E$2:$E$200,MATCH(6,Zuteilungen!$J$2:$J$200,0))="","",INDEX(Zuteilungen!$E$2:$E$200,MATCH(6,Zuteilungen!$J$2:$J$200,0))),"") | G10: =IFERROR(IF(INDEX(Zuteilungen!$F$2:$F$200,MATCH(6,Zuteilungen!$J$2:$J$200,0))="","",INDEX(Zuteilungen!$F$2:$F$200,MATCH(6,Zuteilungen!$J$2:$J$200,0))),"") | H10: =IFERROR(IF(INDEX(Zuteilungen!$H$2:$H$200,MATCH(6,Zuteilungen!$J$2:$J$200,0))="","",INDEX(Zuteilungen!$H$2:$H$200,MATCH(6,Zuteilungen!$J$2:$J$200,0))),"") | I10: =IFERROR(IF(INDEX(Zuteilungen!$I$2:$I$200,MATCH(6,Zuteilungen!$J$2:$J$200,0))="","",INDEX(Zuteilungen!$I$2:$I$200,MATCH(6,Zuteilungen!$J$2:$J$200,0))),"")
A11: =IFERROR(IF(MATCH(7,Zuteilungen!$J$2:$J$200,0)>0,7,""),"") | B11: =IFERROR(IF(INDEX(Zuteilungen!$A$2:$A$200,MATCH(7,Zuteilungen!$J$2:$J$200,0))="","",INDEX(Zuteilungen!$A$2:$A$200,MATCH(7,Zuteilungen!$J$2:$J$200,0))),"") | C11: =IFERROR(IF(INDEX(Zuteilungen!$B$2:$B$200,MATCH(7,Zuteilungen!$J$2:$J$200,0))="","",INDEX(Zuteilungen!$B$2:$B$200,MATCH(7,Zuteilungen!$J$2:$J$200,0))),"") | D11: =IFERROR(IF(INDEX(Zuteilungen!$C$2:$C$200,MATCH(7,Zuteilungen!$J$2:$J$200,0))="","",INDEX(Zuteilungen!$C$2:$C$200,MATCH(7,Zuteilungen!$J$2:$J$200,0))),"") | E11: =IFERROR(IF(INDEX(Zuteilungen!$D$2:$D$200,MATCH(7,Zuteilungen!$J$2:$J$200,0))="","",INDEX(Zuteilungen!$D$2:$D$200,MATCH(7,Zuteilungen!$J$2:$J$200,0))),"") | F11: =IFERROR(IF(INDEX(Zuteilungen!$E$2:$E$200,MATCH(7,Zuteilungen!$J$2:$J$200,0))="","",INDEX(Zuteilungen!$E$2:$E$200,MATCH(7,Zuteilungen!$J$2:$J$200,0))),"") | G11: =IFERROR(IF(INDEX(Zuteilungen!$F$2:$F$200,MATCH(7,Zuteilungen!$J$2:$J$200,0))="","",INDEX(Zuteilungen!$F$2:$F$200,MATCH(7,Zuteilungen!$J$2:$J$200,0))),"") | H11: =IFERROR(IF(INDEX(Zuteilungen!$H$2:$H$200,MATCH(7,Zuteilungen!$J$2:$J$200,0))="","",INDEX(Zuteilungen!$H$2:$H$200,MATCH(7,Zuteilungen!$J$2:$J$200,0))),"") | I11: =IFERROR(IF(INDEX(Zuteilungen!$I$2:$I$200,MATCH(7,Zuteilungen!$J$2:$J$200,0))="","",INDEX(Zuteilungen!$I$2:$I$200,MATCH(7,Zuteilungen!$J$2:$J$200,0))),"")
A12: =IFERROR(IF(MATCH(8,Zuteilungen!$J$2:$J$200,0)>0,8,""),"") | B12: =IFERROR(IF(INDEX(Zuteilungen!$A$2:$A$200,MATCH(8,Zuteilungen!$J$2:$J$200,0))="","",INDEX(Zuteilungen!$A$2:$A$200,MATCH(8,Zuteilungen!$J$2:$J$200,0))),"") | C12: =IFERROR(IF(INDEX(Zuteilungen!$B$2:$B$200,MATCH(8,Zuteilungen!$J$2:$J$200,0))="","",INDEX(Zuteilungen!$B$2:$B$200,MATCH(8,Zuteilungen!$J$2:$J$200,0))),"") | D12: =IFERROR(IF(INDEX(Zuteilungen!$C$2:$C$200,MATCH(8,Zuteilungen!$J$2:$J$200,0))="","",INDEX(Zuteilungen!$C$2:$C$200,MATCH(8,Zuteilungen!$J$2:$J$200,0))),"") | E12: =IFERROR(IF(INDEX(Zuteilungen!$D$2:$D$200,MATCH(8,Zuteilungen!$J$2:$J$200,0))="","",INDEX(Zuteilungen!$D$2:$D$200,MATCH(8,Zuteilungen!$J$2:$J$200,0))),"") | F12: =IFERROR(IF(INDEX(Zuteilungen!$E$2:$E$200,MATCH(8,Zuteilungen!$J$2:$J$200,0))="","",INDEX(Zuteilungen!$E$2:$E$200,MATCH(8,Zuteilungen!$J$2:$J$200,0))),"") | G12: =IFERROR(IF(INDEX(Zuteilungen!$F$2:$F$200,MATCH(8,Zuteilungen!$J$2:$J$200,0))="","",INDEX(Zuteilungen!$F$2:$F$200,MATCH(8,Zuteilungen!$J$2:$J$200,0))),"") | H12: =IFERROR(IF(INDEX(Zuteilungen!$H$2:$H$200,MATCH(8,Zuteilungen!$J$2:$J$200,0))="","",INDEX(Zuteilungen!$H$2:$H$200,MATCH(8,Zuteilungen!$J$2:$J$200,0))),"") | I12: =IFERROR(IF(INDEX(Zuteilungen!$I$2:$I$200,MATCH(8,Zuteilungen!$J$2:$J$200,0))="","",INDEX(Zuteilungen!$I$2:$I$200,MATCH(8,Zuteilungen!$J$2:$J$200,0))),"")
A13: =IFERROR(IF(MATCH(9,Zuteilungen!$J$2:$J$200,0)>0,9,""),"") | B13: =IFERROR(IF(INDEX(Zuteilungen!$A$2:$A$200,MATCH(9,Zuteilungen!$J$2:$J$200,0))="","",INDEX(Zuteilungen!$A$2:$A$200,MATCH(9,Zuteilungen!$J$2:$J$200,0))),"") | C13: =IFERROR(IF(INDEX(Zuteilungen!$B$2:$B$200,MATCH(9,Zuteilungen!$J$2:$J$200,0))="","",INDEX(Zuteilungen!$B$2:$B$200,MATCH(9,Zuteilungen!$J$2:$J$200,0))),"") | D13: =IFERROR(IF(INDEX(Zuteilungen!$C$2:$C$200,MATCH(9,Zuteilungen!$J$2:$J$200,0))="","",INDEX(Zuteilungen!$C$2:$C$200,MATCH(9,Zuteilungen!$J$2:$J$200,0))),"") | E13: =IFERROR(IF(INDEX(Zuteilungen!$D$2:$D$200,MATCH(9,Zuteilungen!$J$2:$J$200,0))="","",INDEX(Zuteilungen!$D$2:$D$200,MATCH(9,Zuteilungen!$J$2:$J$200,0))),"") | F13: =IFERROR(IF(INDEX(Zuteilungen!$E$2:$E$200,MATCH(9,Zuteilungen!$J$2:$J$200,0))="","",INDEX(Zuteilungen!$E$2:$E$200,MATCH(9,Zuteilungen!$J$2:$J$200,0))),"") | G13: =IFERROR(IF(INDEX(Zuteilungen!$F$2:$F$200,MATCH(9,Zuteilungen!$J$2:$J$200,0))="","",INDEX(Zuteilungen!$F$2:$F$200,MATCH(9,Zuteilungen!$J$2:$J$200,0))),"") | H13: =IFERROR(IF(INDEX(Zuteilungen!$H$2:$H$200,MATCH(9,Zuteilungen!$J$2:$J$200,0))="","",INDEX(Zuteilungen!$H$2:$H$200,MATCH(9,Zuteilungen!$J$2:$J$200,0))),"") | I13: =IFERROR(IF(INDEX(Zuteilungen!$I$2:$I$200,MATCH(9,Zuteilungen!$J$2:$J$200,0))="","",INDEX(Zuteilungen!$I$2:$I$200,MATCH(9,Zuteilungen!$J$2:$J$200,0))),"")
A14: =IFERROR(IF(MATCH(10,Zuteilungen!$J$2:$J$200,0)>0,10,""),"") | B14: =IFERROR(IF(INDEX(Zuteilungen!$A$2:$A$200,MATCH(10,Zuteilungen!$J$2:$J$200,0))="","",INDEX(Zuteilungen!$A$2:$A$200,MATCH(10,Zuteilungen!$J$2:$J$200,0))),"") | C14: =IFERROR(IF(INDEX(Zuteilungen!$B$2:$B$200,MATCH(10,Zuteilungen!$J$2:$J$200,0))="","",INDEX(Zuteilungen!$B$2:$B$200,MATCH(10,Zuteilungen!$J$2:$J$200,0))),"") | D14: =IFERROR(IF(INDEX(Zuteilungen!$C$2:$C$200,MATCH(10,Zuteilungen!$J$2:$J$200,0))="","",INDEX(Zuteilungen!$C$2:$C$200,MATCH(10,Zuteilungen!$J$2:$J$200,0))),"") | E14: =IFERROR(IF(INDEX(Zuteilungen!$D$2:$D$200,MATCH(10,Zuteilungen!$J$2:$J$200,0))="","",INDEX(Zuteilungen!$D$2:$D$200,MATCH(10,Zuteilungen!$J$2:$J$200,0))),"") | F14: =IFERROR(IF(INDEX(Zuteilungen!$E$2:$E$200,MATCH(10,Zuteilungen!$J$2:$J$200,0))="","",INDEX(Zuteilungen!$E$2:$E$200,MATCH(10,Zuteilungen!$J$2:$J$200,0))),"") | G14: =IFERROR(IF(INDEX(Zuteilungen!$F$2:$F$200,MATCH(10,Zuteilungen!$J$2:$J$200,0))="","",INDEX(Zuteilungen!$F$2:$F$200,MATCH(10,Zuteilungen!$J$2:$J$200,0))),"") | H14: =IFERROR(IF(INDEX(Zuteilungen!$H$2:$H$200,MATCH(10,Zuteilungen!$J$2:$J$200,0))="","",INDEX(Zuteilungen!$H$2:$H$200,MATCH(10,Zuteilungen!$J$2:$J$200,0))),"") | I14: =IFERROR(IF(INDEX(Zuteilungen!$I$2:$I$200,MATCH(10,Zuteilungen!$J$2:$J$200,0))="","",INDEX(Zuteilungen!$I$2:$I$200,MATCH(10,Zuteilungen!$J$2:$J$200,0))),"")
A15: =IFERROR(IF(MATCH(11,Zuteilungen!$J$2:$J$200,0)>0,11,""),"") | B15: =IFERROR(IF(INDEX(Zuteilungen!$A$2:$A$200,MATCH(11,Zuteilungen!$J$2:$J$200,0))="","",INDEX(Zuteilungen!$A$2:$A$200,MATCH(11,Zuteilungen!$J$2:$J$200,0))),"") | C15: =IFERROR(IF(INDEX(Zuteilungen!$B$2:$B$200,MATCH(11,Zuteilungen!$J$2:$J$200,0))="","",INDEX(Zuteilungen!$B$2:$B$200,MATCH(11,Zuteilungen!$J$2:$J$200,0))),"") | D15: =IFERROR(IF(INDEX(Zuteilungen!$C$2:$C$200,MATCH(11,Zuteilungen!$J$2:$J$200,0))="","",INDEX(Zuteilungen!$C$2:$C$200,MATCH(11,Zuteilungen!$J$2:$J$200,0))),"") | E15: =IFERROR(IF(INDEX(Zuteilungen!$D$2:$D$200,MATCH(11,Zuteilungen!$J$2:$J$200,0))="","",INDEX(Zuteilungen!$D$2:$D$200,MATCH(11,Zuteilungen!$J$2:$J$200,0))),"") | F15: =IFERROR(IF(INDEX(Zuteilungen!$E$2:$E$200,MATCH(11,Zuteilungen!$J$2:$J$200,0))="","",INDEX(Zuteilungen!$E$2:$E$200,MATCH(11,Zuteilungen!$J$2:$J$200,0))),"") | G15: =IFERROR(IF(INDEX(Zuteilungen!$F$2:$F$200,MATCH(11,Zuteilungen!$J$2:$J$200,0))="","",INDEX(Zuteilungen!$F$2:$F$200,MATCH(11,Zuteilungen!$J$2:$J$200,0))),"") | H15: =IFERROR(IF(INDEX(Zuteilungen!$H$2:$H$200,MATCH(11,Zuteilungen!$J$2:$J$200,0))="","",INDEX(Zuteilungen!$H$2:$H$200,MATCH(11,Zuteilungen!$J$2:$J$200,0))),"") | I15: =IFERROR(IF(INDEX(Zuteilungen!$I$2:$I$200,MATCH(11,Zuteilungen!$J$2:$J$200,0))="","",INDEX(Zuteilungen!$I$2:$I$200,MATCH(11,Zuteilungen!$J$2:$J$200,0))),"")
A16: =IFERROR(IF(MATCH(12,Zuteilungen!$J$2:$J$200,0)>0,12,""),"") | B16: =IFERROR(IF(INDEX(Zuteilungen!$A$2:$A$200,MATCH(12,Zuteilungen!$J$2:$J$200,0))="","",INDEX(Zuteilungen!$A$2:$A$200,MATCH(12,Zuteilungen!$J$2:$J$200,0))),"") | C16: =IFERROR(IF(INDEX(Zuteilungen!$B$2:$B$200,MATCH(12,Zuteilungen!$J$2:$J$200,0))="","",INDEX(Zuteilungen!$B$2:$B$200,MATCH(12,Zuteilungen!$J$2:$J$200,0))),"") | D16: =IFERROR(IF(INDEX(Zuteilungen!$C$2:$C$200,MATCH(12,Zuteilungen!$J$2:$J$200,0))="","",INDEX(Zuteilungen!$C$2:$C$200,MATCH(12,Zuteilungen!$J$2:$J$200,0))),"") | E16: =IFERROR(IF(INDEX(Zuteilungen!$D$2:$D$200,MATCH(12,Zuteilungen!$J$2:$J$200,0))="","",INDEX(Zuteilungen!$D$2:$D$200,MATCH(12,Zuteilungen!$J$2:$J$200,0))),"") | F16: =IFERROR(IF(INDEX(Zuteilungen!$E$2:$E$200,MATCH(12,Zuteilungen!$J$2:$J$200,0))="","",INDEX(Zuteilungen!$E$2:$E$200,MATCH(12,Zuteilungen!$J$2:$J$200,0))),"") | G16: =IFERROR(IF(INDEX(Zuteilungen!$F$2:$F$200,MATCH(12,Zuteilungen!$J$2:$J$200,0))="","",INDEX(Zuteilungen!$F$2:$F$200,MATCH(12,Zuteilungen!$J$2:$J$200,0))),"") | H16: =IFERROR(IF(INDEX(Zuteilungen!$H$2:$H$200,MATCH(12,Zuteilungen!$J$2:$J$200,0))="","",INDEX(Zuteilungen!$H$2:$H$200,MATCH(12,Zuteilungen!$J$2:$J$200,0))),"") | I16: =IFERROR(IF(INDEX(Zuteilungen!$I$2:$I$200,MATCH(12,Zuteilungen!$J$2:$J$200,0))="","",INDEX(Zuteilungen!$I$2:$I$200,MATCH(12,Zuteilungen!$J$2:$J$200,0))),"")
A17: =IFERROR(IF(MATCH(13,Zuteilungen!$J$2:$J$200,0)>0,13,""),"") | B17: =IFERROR(IF(INDEX(Zuteilungen!$A$2:$A$200,MATCH(13,Zuteilungen!$J$2:$J$200,0))="","",INDEX(Zuteilungen!$A$2:$A$200,MATCH(13,Zuteilungen!$J$2:$J$200,0))),"") | C17: =IFERROR(IF(INDEX(Zuteilungen!$B$2:$B$200,MATCH(13,Zuteilungen!$J$2:$J$200,0))="","",INDEX(Zuteilungen!$B$2:$B$200,MATCH(13,Zuteilungen!$J$2:$J$200,0))),"") | D17: =IFERROR(IF(INDEX(Zuteilungen!$C$2:$C$200,MATCH(13,Zuteilungen!$J$2:$J$200,0))="","",INDEX(Zuteilungen!$C$2:$C$200,MATCH(13,Zuteilungen!$J$2:$J$200,0))),"") | E17: =IFERROR(IF(INDEX(Zuteilungen!$D$2:$D$200,MATCH(13,Zuteilungen!$J$2:$J$200,0))="","",INDEX(Zuteilungen!$D$2:$D$200,MATCH(13,Zuteilungen!$J$2:$J$200,0))),"") | F17: =IFERROR(IF(INDEX(Zuteilungen!$E$2:$E$200,MATCH(13,Zuteilungen!$J$2:$J$200,0))="","",INDEX(Zuteilungen!$E$2:$E$200,MATCH(13,Zuteilungen!$J$2:$J$200,0))),"") | G17: =IFERROR(IF(INDEX(Zuteilungen!$F$2:$F$200,MATCH(13,Zuteilungen!$J$2:$J$200,0))="","",INDEX(Zuteilungen!$F$2:$F$200,MATCH(13,Zuteilungen!$J$2:$J$200,0))),"") | H17: =IFERROR(IF(INDEX(Zuteilungen!$H$2:$H$200,MATCH(13,Zuteilungen!$J$2:$J$200,0))="","",INDEX(Zuteilungen!$H$2:$H$200,MATCH(13,Zuteilungen!$J$2:$J$200,0))),"") | I17: =IFERROR(IF(INDEX(Zuteilungen!$I$2:$I$200,MATCH(13,Zuteilungen!$J$2:$J$200,0))="","",INDEX(Zuteilungen!$I$2:$I$200,MATCH(13,Zuteilungen!$J$2:$J$200,0))),"")
A18: =IFERROR(IF(MATCH(14,Zuteilungen!$J$2:$J$200,0)>0,14,""),"") | B18: =IFERROR(IF(INDEX(Zuteilungen!$A$2:$A$200,MATCH(14,Zuteilungen!$J$2:$J$200,0))="","",INDEX(Zuteilungen!$A$2:$A$200,MATCH(14,Zuteilungen!$J$2:$J$200,0))),"") | C18: =IFERROR(IF(INDEX(Zuteilungen!$B$2:$B$200,MATCH(14,Zuteilungen!$J$2:$J$200,0))="","",INDEX(Zuteilungen!$B$2:$B$200,MATCH(14,Zuteilungen!$J$2:$J$200,0))),"") | D18: =IFERROR(IF(INDEX(Zuteilungen!$C$2:$C$200,MATCH(14,Zuteilungen!$J$2:$J$200,0))="","",INDEX(Zuteilungen!$C$2:$C$200,MATCH(14,Zuteilungen!$J$2:$J$200,0))),"") | E18: =IFERROR(IF(INDEX(Zuteilungen!$D$2:$D$200,MATCH(14,Zuteilungen!$J$2:$J$200,0))="","",INDEX(Zuteilungen!$D$2:$D$200,MATCH(14,Zuteilungen!$J$2:$J$200,0))),"") | F18: =IFERROR(IF(INDEX(Zuteilungen!$E$2:$E$200,MATCH(14,Zuteilungen!$J$2:$J$200,0))="","",INDEX(Zuteilungen!$E$2:$E$200,MATCH(14,Zuteilungen!$J$2:$J$200,0))),"") | G18: =IFERROR(IF(INDEX(Zuteilungen!$F$2:$F$200,MATCH(14,Zuteilungen!$J$2:$J$200,0))="","",INDEX(Zuteilungen!$F$2:$F$200,MATCH(14,Zuteilungen!$J$2:$J$200,0))),"") | H18: =IFERROR(IF(INDEX(Zuteilungen!$H$2:$H$200,MATCH(14,Zuteilungen!$J$2:$J$200,0))="","",INDEX(Zuteilungen!$H$2:$H$200,MATCH(14,Zuteilungen!$J$2:$J$200,0))),"") | I18: =IFERROR(IF(INDEX(Zuteilungen!$I$2:$I$200,MATCH(14,Zuteilungen!$J$2:$J$200,0))="","",INDEX(Zuteilungen!$I$2:$I$200,MATCH(14,Zuteilungen!$J$2:$J$200,0))),"")
A19: =IFERROR(IF(MATCH(15,Zuteilungen!$J$2:$J$200,0)>0,15,""),"") | B19: =IFERROR(IF(INDEX(Zuteilungen!$A$2:$A$200,MATCH(15,Zuteilungen!$J$2:$J$200,0))="","",INDEX(Zuteilungen!$A$2:$A$200,MATCH(15,Zuteilungen!$J$2:$J$200,0))),"") | C19: =IFERROR(IF(INDEX(Zuteilungen!$B$2:$B$200,MATCH(15,Zuteilungen!$J$2:$J$200,0))="","",INDEX(Zuteilungen!$B$2:$B$200,MATCH(15,Zuteilungen!$J$2:$J$200,0))),"") | D19: =IFERROR(IF(INDEX(Zuteilungen!$C$2:$C$200,MATCH(15,Zuteilungen!$J$2:$J$200,0))="","",INDEX(Zuteilungen!$C$2:$C$200,MATCH(15,Zuteilungen!$J$2:$J$200,0))),"") | E19: =IFERROR(IF(INDEX(Zuteilungen!$D$2:$D$200,MATCH(15,Zuteilungen!$J$2:$J$200,0))="","",INDEX(Zuteilungen!$D$2:$D$200,MATCH(15,Zuteilungen!$J$2:$J$200,0))),"") | F19: =IFERROR(IF(INDEX(Zuteilungen!$E$2:$E$200,MATCH(15,Zuteilungen!$J$2:$J$200,0))="","",INDEX(Zuteilungen!$E$2:$E$200,MATCH(15,Zuteilungen!$J$2:$J$200,0))),"") | G19: =IFERROR(IF(INDEX(Zuteilungen!$F$2:$F$200,MATCH(15,Zuteilungen!$J$2:$J$200,0))="","",INDEX(Zuteilungen!$F$2:$F$200,MATCH(15,Zuteilungen!$J$2:$J$200,0))),"") | H19: =IFERROR(IF(INDEX(Zuteilungen!$H$2:$H$200,MATCH(15,Zuteilungen!$J$2:$J$200,0))="","",INDEX(Zuteilungen!$H$2:$H$200,MATCH(15,Zuteilungen!$J$2:$J$200,0))),"") | I19: =IFERROR(IF(INDEX(Zuteilungen!$I$2:$I$200,MATCH(15,Zuteilungen!$J$2:$J$200,0))="","",INDEX(Zuteilungen!$I$2:$I$200,MATCH(15,Zuteilungen!$J$2:$J$200,0))),"")
A20: =IFERROR(IF(MATCH(16,Zuteilungen!$J$2:$J$200,0)>0,16,""),"") | B20: =IFERROR(IF(INDEX(Zuteilungen!$A$2:$A$200,MATCH(16,Zuteilungen!$J$2:$J$200,0))="","",INDEX(Zuteilungen!$A$2:$A$200,MATCH(16,Zuteilungen!$J$2:$J$200,0))),"") | C20: =IFERROR(IF(INDEX(Zuteilungen!$B$2:$B$200,MATCH(16,Zuteilungen!$J$2:$J$200,0))="","",INDEX(Zuteilungen!$B$2:$B$200,MATCH(16,Zuteilungen!$J$2:$J$200,0))),"") | D20: =IFERROR(IF(INDEX(Zuteilungen!$C$2:$C$200,MATCH(16,Zuteilungen!$J$2:$J$200,0))="","",INDEX(Zuteilungen!$C$2:$C$200,MATCH(16,Zuteilungen!$J$2:$J$200,0))),"") | E20: =IFERROR(IF(INDEX(Zuteilungen!$D$2:$D$200,MATCH(16,Zuteilungen!$J$2:$J$200,0))="","",INDEX(Zuteilungen!$D$2:$D$200,MATCH(16,Zuteilungen!$J$2:$J$200,0))),"") | F20: =IFERROR(IF(INDEX(Zuteilungen!$E$2:$E$200,MATCH(16,Zuteilungen!$J$2:$J$200,0))="","",INDEX(Zuteilungen!$E$2:$E$200,MATCH(16,Zuteilungen!$J$2:$J$200,0))),"") | G20: =IFERROR(IF(INDEX(Zuteilungen!$F$2:$F$200,MATCH(16,Zuteilungen!$J$2:$J$200,0))="","",INDEX(Zuteilungen!$F$2:$F$200,MATCH(16,Zuteilungen!$J$2:$J$200,0))),"") | H20: =IFERROR(IF(INDEX(Zuteilungen!$H$2:$H$200,MATCH(16,Zuteilungen!$J$2:$J$200,0))="","",INDEX(Zuteilungen!$H$2:$H$200,MATCH(16,Zuteilungen!$J$2:$J$200,0))),"") | I20: =IFERROR(IF(INDEX(Zuteilungen!$I$2:$I$200,MATCH(16,Zuteilungen!$J$2:$J$200,0))="","",INDEX(Zuteilungen!$I$2:$I$200,MATCH(16,Zuteilungen!$J$2:$J$200,0))),"")
A21: =IFERROR(IF(MATCH(17,Zuteilungen!$J$2:$J$200,0)>0,17,""),"") | B21: =IFERROR(IF(INDEX(Zuteilungen!$A$2:$A$200,MATCH(17,Zuteilungen!$J$2:$J$200,0))="","",INDEX(Zuteilungen!$A$2:$A$200,MATCH(17,Zuteilungen!$J$2:$J$200,0))),"") | C21: =IFERROR(IF(INDEX(Zuteilungen!$B$2:$B$200,MATCH(17,Zuteilungen!$J$2:$J$200,0))="","",INDEX(Zuteilungen!$B$2:$B$200,MATCH(17,Zuteilungen!$J$2:$J$200,0))),"") | D21: =IFERROR(IF(INDEX(Zuteilungen!$C$2:$C$200,MATCH(17,Zuteilungen!$J$2:$J$200,0))="","",INDEX(Zuteilungen!$C$2:$C$200,MATCH(17,Zuteilungen!$J$2:$J$200,0))),"") | E21: =IFERROR(IF(INDEX(Zuteilungen!$D$2:$D$200,MATCH(17,Zuteilungen!$J$2:$J$200,0))="","",INDEX(Zuteilungen!$D$2:$D$200,MATCH(17,Zuteilungen!$J$2:$J$200,0))),"") | F21: =IFERROR(IF(INDEX(Zuteilungen!$E$2:$E$200,MATCH(17,Zuteilungen!$J$2:$J$200,0))="","",INDEX(Zuteilungen!$E$2:$E$200,MATCH(17,Zuteilungen!$J$2:$J$200,0))),"") | G21: =IFERROR(IF(INDEX(Zuteilungen!$F$2:$F$200,MATCH(17,Zuteilungen!$J$2:$J$200,0))="","",INDEX(Zuteilungen!$F$2:$F$200,MATCH(17,Zuteilungen!$J$2:$J$200,0))),"") | H21: =IFERROR(IF(INDEX(Zuteilungen!$H$2:$H$200,MATCH(17,Zuteilungen!$J$2:$J$200,0))="","",INDEX(Zuteilungen!$H$2:$H$200,MATCH(17,Zuteilungen!$J$2:$J$200,0))),"") | I21: =IFERROR(IF(INDEX(Zuteilungen!$I$2:$I$200,MATCH(17,Zuteilungen!$J$2:$J$200,0))="","",INDEX(Zuteilungen!$I$2:$I$200,MATCH(17,Zuteilungen!$J$2:$J$200,0))),"")
A22: =IFERROR(IF(MATCH(18,Zuteilungen!$J$2:$J$200,0)>0,18,""),"") | B22: =IFERROR(IF(INDEX(Zuteilungen!$A$2:$A$200,MATCH(18,Zuteilungen!$J$2:$J$200,0))="","",INDEX(Zuteilungen!$A$2:$A$200,MATCH(18,Zuteilungen!$J$2:$J$200,0))),"") | C22: =IFERROR(IF(INDEX(Zuteilungen!$B$2:$B$200,MATCH(18,Zuteilungen!$J$2:$J$200,0))="","",INDEX(Zuteilungen!$B$2:$B$200,MATCH(18,Zuteilungen!$J$2:$J$200,0))),"") | D22: =IFERROR(IF(INDEX(Zuteilungen!$C$2:$C$200,MATCH(18,Zuteilungen!$J$2:$J$200,0))="","",INDEX(Zuteilungen!$C$2:$C$200,MATCH(18,Zuteilungen!$J$2:$J$200,0))),"") | E22: =IFERROR(IF(INDEX(Zuteilungen!$D$2:$D$200,MATCH(18,Zuteilungen!$J$2:$J$200,0))="","",INDEX(Zuteilungen!$D$2:$D$200,MATCH(18,Zuteilungen!$J$2:$J$200,0))),"") | F22: =IFERROR(IF(INDEX(Zuteilungen!$E$2:$E$200,MATCH(18,Zuteilungen!$J$2:$J$200,0))="","",INDEX(Zuteilungen!$E$2:$E$200,MATCH(18,Zuteilungen!$J$2:$J$200,0))),"") | G22: =IFERROR(IF(INDEX(Zuteilungen!$F$2:$F$200,MATCH(18,Zuteilungen!$J$2:$J$200,0))="","",INDEX(Zuteilungen!$F$2:$F$200,MATCH(18,Zuteilungen!$J$2:$J$200,0))),"") | H22: =IFERROR(IF(INDEX(Zuteilungen!$H$2:$H$200,MATCH(18,Zuteilungen!$J$2:$J$200,0))="","",INDEX(Zuteilungen!$H$2:$H$200,MATCH(18,Zuteilungen!$J$2:$J$200,0))),"") | I22: =IFERROR(IF(INDEX(Zuteilungen!$I$2:$I$200,MATCH(18,Zuteilungen!$J$2:$J$200,0))="","",INDEX(Zuteilungen!$I$2:$I$200,MATCH(18,Zuteilungen!$J$2:$J$200,0))),"")
A23: =IFERROR(IF(MATCH(19,Zuteilungen!$J$2:$J$200,0)>0,19,""),"") | B23: =IFERROR(IF(INDEX(Zuteilungen!$A$2:$A$200,MATCH(19,Zuteilungen!$J$2:$J$200,0))="","",INDEX(Zuteilungen!$A$2:$A$200,MATCH(19,Zuteilungen!$J$2:$J$200,0))),"") | C23: =IFERROR(IF(INDEX(Zuteilungen!$B$2:$B$200,MATCH(19,Zuteilungen!$J$2:$J$200,0))="","",INDEX(Zuteilungen!$B$2:$B$200,MATCH(19,Zuteilungen!$J$2:$J$200,0))),"") | D23: =IFERROR(IF(INDEX(Zuteilungen!$C$2:$C$200,MATCH(19,Zuteilungen!$J$2:$J$200,0))="","",INDEX(Zuteilungen!$C$2:$C$200,MATCH(19,Zuteilungen!$J$2:$J$200,0))),"") | E23: =IFERROR(IF(INDEX(Zuteilungen!$D$2:$D$200,MATCH(19,Zuteilungen!$J$2:$J$200,0))="","",INDEX(Zuteilungen!$D$2:$D$200,MATCH(19,Zuteilungen!$J$2:$J$200,0))),"") | F23: =IFERROR(IF(INDEX(Zuteilungen!$E$2:$E$200,MATCH(19,Zuteilungen!$J$2:$J$200,0))="","",INDEX(Zuteilungen!$E$2:$E$200,MATCH(19,Zuteilungen!$J$2:$J$200,0))),"") | G23: =IFERROR(IF(INDEX(Zuteilungen!$F$2:$F$200,MATCH(19,Zuteilungen!$J$2:$J$200,0))="","",INDEX(Zuteilungen!$F$2:$F$200,MATCH(19,Zuteilungen!$J$2:$J$200,0))),"") | H23: =IFERROR(IF(INDEX(Zuteilungen!$H$2:$H$200,MATCH(19,Zuteilungen!$J$2:$J$200,0))="","",INDEX(Zuteilungen!$H$2:$H$200,MATCH(19,Zuteilungen!$J$2:$J$200,0))),"") | I23: =IFERROR(IF(INDEX(Zuteilungen!$I$2:$I$200,MATCH(19,Zuteilungen!$J$2:$J$200,0))="","",INDEX(Zuteilungen!$I$2:$I$200,MATCH(19,Zuteilungen!$J$2:$J$200,0))),"")
A24: =IFERROR(IF(MATCH(20,Zuteilungen!$J$2:$J$200,0)>0,20,""),"") | B24: =IFERROR(IF(INDEX(Zuteilungen!$A$2:$A$200,MATCH(20,Zuteilungen!$J$2:$J$200,0))="","",INDEX(Zuteilungen!$A$2:$A$200,MATCH(20,Zuteilungen!$J$2:$J$200,0))),"") | C24: =IFERROR(IF(INDEX(Zuteilungen!$B$2:$B$200,MATCH(20,Zuteilungen!$J$2:$J$200,0))="","",INDEX(Zuteilungen!$B$2:$B$200,MATCH(20,Zuteilungen!$J$2:$J$200,0))),"") | D24: =IFERROR(IF(INDEX(Zuteilungen!$C$2:$C$200,MATCH(20,Zuteilungen!$J$2:$J$200,0))="","",INDEX(Zuteilungen!$C$2:$C$200,MATCH(20,Zuteilungen!$J$2:$J$200,0))),"") | E24: =IFERROR(IF(INDEX(Zuteilungen!$D$2:$D$200,MATCH(20,Zuteilungen!$J$2:$J$200,0))="","",INDEX(Zuteilungen!$D$2:$D$200,MATCH(20,Zuteilungen!$J$2:$J$200,0))),"") | F24: =IFERROR(IF(INDEX(Zuteilungen!$E$2:$E$200,MATCH(20,Zuteilungen!$J$2:$J$200,0))="","",INDEX(Zuteilungen!$E$2:$E$200,MATCH(20,Zuteilungen!$J$2:$J$200,0))),"") | G24: =IFERROR(IF(INDEX(Zuteilungen!$F$2:$F$200,MATCH(20,Zuteilungen!$J$2:$J$200,0))="","",INDEX(Zuteilungen!$F$2:$F$200,MATCH(20,Zuteilungen!$J$2:$J$200,0))),"") | H24: =IFERROR(IF(INDEX(Zuteilungen!$H$2:$H$200,MATCH(20,Zuteilungen!$J$2:$J$200,0))="","",INDEX(Zuteilungen!$H$2:$H$200,MATCH(20,Zuteilungen!$J$2:$J$200,0))),"") | I24: =IFERROR(IF(INDEX(Zuteilungen!$I$2:$I$200,MATCH(20,Zuteilungen!$J$2:$J$200,0))="","",INDEX(Zuteilungen!$I$2:$I$200,MATCH(20,Zuteilungen!$J$2:$J$200,0))),"")
A25: =IFERROR(IF(MATCH(21,Zuteilungen!$J$2:$J$200,0)>0,21,""),"") | B25: =IFERROR(IF(INDEX(Zuteilungen!$A$2:$A$200,MATCH(21,Zuteilungen!$J$2:$J$200,0))="","",INDEX(Zuteilungen!$A$2:$A$200,MATCH(21,Zuteilungen!$J$2:$J$200,0))),"") | C25: =IFERROR(IF(INDEX(Zuteilungen!$B$2:$B$200,MATCH(21,Zuteilungen!$J$2:$J$200,0))="","",INDEX(Zuteilungen!$B$2:$B$200,MATCH(21,Zuteilungen!$J$2:$J$200,0))),"") | D25: =IFERROR(IF(INDEX(Zuteilungen!$C$2:$C$200,MATCH(21,Zuteilungen!$J$2:$J$200,0))="","",INDEX(Zuteilungen!$C$2:$C$200,MATCH(21,Zuteilungen!$J$2:$J$200,0))),"") | E25: =IFERROR(IF(INDEX(Zuteilungen!$D$2:$D$200,MATCH(21,Zuteilungen!$J$2:$J$200,0))="","",INDEX(Zuteilungen!$D$2:$D$200,MATCH(21,Zuteilungen!$J$2:$J$200,0))),"") | F25: =IFERROR(IF(INDEX(Zuteilungen!$E$2:$E$200,MATCH(21,Zuteilungen!$J$2:$J$200,0))="","",INDEX(Zuteilungen!$E$2:$E$200,MATCH(21,Zuteilungen!$J$2:$J$200,0))),"") | G25: =IFERROR(IF(INDEX(Zuteilungen!$F$2:$F$200,MATCH(21,Zuteilungen!$J$2:$J$200,0))="","",INDEX(Zuteilungen!$F$2:$F$200,MATCH(21,Zuteilungen!$J$2:$J$200,0))),"") | H25: =IFERROR(IF(INDEX(Zuteilungen!$H$2:$H$200,MATCH(21,Zuteilungen!$J$2:$J$200,0))="","",INDEX(Zuteilungen!$H$2:$H$200,MATCH(21,Zuteilungen!$J$2:$J$200,0))),"") | I25: =IFERROR(IF(INDEX(Zuteilungen!$I$2:$I$200,MATCH(21,Zuteilungen!$J$2:$J$200,0))="","",INDEX(Zuteilungen!$I$2:$I$200,MATCH(21,Zuteilungen!$J$2:$J$200,0))),"")
A26: =IFERROR(IF(MATCH(22,Zuteilungen!$J$2:$J$200,0)>0,22,""),"") | B26: =IFERROR(IF(INDEX(Zuteilungen!$A$2:$A$200,MATCH(22,Zuteilungen!$J$2:$J$200,0))="","",INDEX(Zuteilungen!$A$2:$A$200,MATCH(22,Zuteilungen!$J$2:$J$200,0))),"") | C26: =IFERROR(IF(INDEX(Zuteilungen!$B$2:$B$200,MATCH(22,Zuteilungen!$J$2:$J$200,0))="","",INDEX(Zuteilungen!$B$2:$B$200,MATCH(22,Zuteilungen!$J$2:$J$200,0))),"") | D26: =IFERROR(IF(INDEX(Zuteilungen!$C$2:$C$200,MATCH(22,Zuteilungen!$J$2:$J$200,0))="","",INDEX(Zuteilungen!$C$2:$C$200,MATCH(22,Zuteilungen!$J$2:$J$200,0))),"") | E26: =IFERROR(IF(INDEX(Zuteilungen!$D$2:$D$200,MATCH(22,Zuteilungen!$J$2:$J$200,0))="","",INDEX(Zuteilungen!$D$2:$D$200,MATCH(22,Zuteilungen!$J$2:$J$200,0))),"") | F26: =IFERROR(IF(INDEX(Zuteilungen!$E$2:$E$200,MATCH(22,Zuteilungen!$J$2:$J$200,0))="","",INDEX(Zuteilungen!$E$2:$E$200,MATCH(22,Zuteilungen!$J$2:$J$200,0))),"") | G26: =IFERROR(IF(INDEX(Zuteilungen!$F$2:$F$200,MATCH(22,Zuteilungen!$J$2:$J$200,0))="","",INDEX(Zuteilungen!$F$2:$F$200,MATCH(22,Zuteilungen!$J$2:$J$200,0))),"") | H26: =IFERROR(IF(INDEX(Zuteilungen!$H$2:$H$200,MATCH(22,Zuteilungen!$J$2:$J$200,0))="","",INDEX(Zuteilungen!$H$2:$H$200,MATCH(22,Zuteilungen!$J$2:$J$200,0))),"") | I26: =IFERROR(IF(INDEX(Zuteilungen!$I$2:$I$200,MATCH(22,Zuteilungen!$J$2:$J$200,0))="","",INDEX(Zuteilungen!$I$2:$I$200,MATCH(22,Zuteilungen!$J$2:$J$200,0))),"")
A27: =IFERROR(IF(MATCH(23,Zuteilungen!$J$2:$J$200,0)>0,23,""),"") | B27: =IFERROR(IF(INDEX(Zuteilungen!$A$2:$A$200,MATCH(23,Zuteilungen!$J$2:$J$200,0))="","",INDEX(Zuteilungen!$A$2:$A$200,MATCH(23,Zuteilungen!$J$2:$J$200,0))),"") | C27: =IFERROR(IF(INDEX(Zuteilungen!$B$2:$B$200,MATCH(23,Zuteilungen!$J$2:$J$200,0))="","",INDEX(Zuteilungen!$B$2:$B$200,MATCH(23,Zuteilungen!$J$2:$J$200,0))),"") | D27: =IFERROR(IF(INDEX(Zuteilungen!$C$2:$C$200,MATCH(23,Zuteilungen!$J$2:$J$200,0))="","",INDEX(Zuteilungen!$C$2:$C$200,MATCH(23,Zuteilungen!$J$2:$J$200,0))),"") | E27: =IFERROR(IF(INDEX(Zuteilungen!$D$2:$D$200,MATCH(23,Zuteilungen!$J$2:$J$200,0))="","",INDEX(Zuteilungen!$D$2:$D$200,MATCH(23,Zuteilungen!$J$2:$J$200,0))),"") | F27: =IFERROR(IF(INDEX(Zuteilungen!$E$2:$E$200,MATCH(23,Zuteilungen!$J$2:$J$200,0))="","",INDEX(Zuteilungen!$E$2:$E$200,MATCH(23,Zuteilungen!$J$2:$J$200,0))),"") | G27: =IFERROR(IF(INDEX(Zuteilungen!$F$2:$F$200,MATCH(23,Zuteilungen!$J$2:$J$200,0))="","",INDEX(Zuteilungen!$F$2:$F$200,MATCH(23,Zuteilungen!$J$2:$J$200,0))),"") | H27: =IFERROR(IF(INDEX(Zuteilungen!$H$2:$H$200,MATCH(23,Zuteilungen!$J$2:$J$200,0))="","",INDEX(Zuteilungen!$H$2:$H$200,MATCH(23,Zuteilungen!$J$2:$J$200,0))),"") | I27: =IFERROR(IF(INDEX(Zuteilungen!$I$2:$I$200,MATCH(23,Zuteilungen!$J$2:$J$200,0))="","",INDEX(Zuteilungen!$I$2:$I$200,MATCH(23,Zuteilungen!$J$2:$J$200,0))),"")
A28: =IFERROR(IF(MATCH(24,Zuteilungen!$J$2:$J$200,0)>0,24,""),"") | B28: =IFERROR(IF(INDEX(Zuteilungen!$A$2:$A$200,MATCH(24,Zuteilungen!$J$2:$J$200,0))="","",INDEX(Zuteilungen!$A$2:$A$200,MATCH(24,Zuteilungen!$J$2:$J$200,0))),"") | C28: =IFERROR(IF(INDEX(Zuteilungen!$B$2:$B$200,MATCH(24,Zuteilungen!$J$2:$J$200,0))="","",INDEX(Zuteilungen!$B$2:$B$200,MATCH(24,Zuteilungen!$J$2:$J$200,0))),"") | D28: =IFERROR(IF(INDEX(Zuteilungen!$C$2:$C$200,MATCH(24,Zuteilungen!$J$2:$J$200,0))="","",INDEX(Zuteilungen!$C$2:$C$200,MATCH(24,Zuteilungen!$J$2:$J$200,0))),"") | E28: =IFERROR(IF(INDEX(Zuteilungen!$D$2:$D$200,MATCH(24,Zuteilungen!$J$2:$J$200,0))="","",INDEX(Zuteilungen!$D$2:$D$200,MATCH(24,Zuteilungen!$J$2:$J$200,0))),"") | F28: =IFERROR(IF(INDEX(Zuteilungen!$E$2:$E$200,MATCH(24,Zuteilungen!$J$2:$J$200,0))="","",INDEX(Zuteilungen!$E$2:$E$200,MATCH(24,Zuteilungen!$J$2:$J$200,0))),"") | G28: =IFERROR(IF(INDEX(Zuteilungen!$F$2:$F$200,MATCH(24,Zuteilungen!$J$2:$J$200,0))="","",INDEX(Zuteilungen!$F$2:$F$200,MATCH(24,Zuteilungen!$J$2:$J$200,0))),"") | H28: =IFERROR(IF(INDEX(Zuteilungen!$H$2:$H$200,MATCH(24,Zuteilungen!$J$2:$J$200,0))="","",INDEX(Zuteilungen!$H$2:$H$200,MATCH(24,Zuteilungen!$J$2:$J$200,0))),"") | I28: =IFERROR(IF(INDEX(Zuteilungen!$I$2:$I$200,MATCH(24,Zuteilungen!$J$2:$J$200,0))="","",INDEX(Zuteilungen!$I$2:$I$200,MATCH(24,Zuteilungen!$J$2:$J$200,0))),"")
A29: =IFERROR(IF(MATCH(25,Zuteilungen!$J$2:$J$200,0)>0,25,""),"") | B29: =IFERROR(IF(INDEX(Zuteilungen!$A$2:$A$200,MATCH(25,Zuteilungen!$J$2:$J$200,0))="","",INDEX(Zuteilungen!$A$2:$A$200,MATCH(25,Zuteilungen!$J$2:$J$200,0))),"") | C29: =IFERROR(IF(INDEX(Zuteilungen!$B$2:$B$200,MATCH(25,Zuteilungen!$J$2:$J$200,0))="","",INDEX(Zuteilungen!$B$2:$B$200,MATCH(25,Zuteilungen!$J$2:$J$200,0))),"") | D29: =IFERROR(IF(INDEX(Zuteilungen!$C$2:$C$200,MATCH(25,Zuteilungen!$J$2:$J$200,0))="","",INDEX(Zuteilungen!$C$2:$C$200,MATCH(25,Zuteilungen!$J$2:$J$200,0))),"") | E29: =IFERROR(IF(INDEX(Zuteilungen!$D$2:$D$200,MATCH(25,Zuteilungen!$J$2:$J$200,0))="","",INDEX(Zuteilungen!$D$2:$D$200,MATCH(25,Zuteilungen!$J$2:$J$200,0))),"") | F29: =IFERROR(IF(INDEX(Zuteilungen!$E$2:$E$200,MATCH(25,Zuteilungen!$J$2:$J$200,0))="","",INDEX(Zuteilungen!$E$2:$E$200,MATCH(25,Zuteilungen!$J$2:$J$200,0))),"") | G29: =IFERROR(IF(INDEX(Zuteilungen!$F$2:$F$200,MATCH(25,Zuteilungen!$J$2:$J$200,0))="","",INDEX(Zuteilungen!$F$2:$F$200,MATCH(25,Zuteilungen!$J$2:$J$200,0))),"") | H29: =IFERROR(IF(INDEX(Zuteilungen!$H$2:$H$200,MATCH(25,Zuteilungen!$J$2:$J$200,0))="","",INDEX(Zuteilungen!$H$2:$H$200,MATCH(25,Zuteilungen!$J$2:$J$200,0))),"") | I29: =IFERROR(IF(INDEX(Zuteilungen!$I$2:$I$200,MATCH(25,Zuteilungen!$J$2:$J$200,0))="","",INDEX(Zuteilungen!$I$2:$I$200,MATCH(25,Zuteilungen!$J$2:$J$200,0))),"")
A30: =IFERROR(IF(MATCH(26,Zuteilungen!$J$2:$J$200,0)>0,26,""),"") | B30: =IFERROR(IF(INDEX(Zuteilungen!$A$2:$A$200,MATCH(26,Zuteilungen!$J$2:$J$200,0))="","",INDEX(Zuteilungen!$A$2:$A$200,MATCH(26,Zuteilungen!$J$2:$J$200,0))),"") | C30: =IFERROR(IF(INDEX(Zuteilungen!$B$2:$B$200,MATCH(26,Zuteilungen!$J$2:$J$200,0))="","",INDEX(Zuteilungen!$B$2:$B$200,MATCH(26,Zuteilungen!$J$2:$J$200,0))),"") | D30: =IFERROR(IF(INDEX(Zuteilungen!$C$2:$C$200,MATCH(26,Zuteilungen!$J$2:$J$200,0))="","",INDEX(Zuteilungen!$C$2:$C$200,MATCH(26,Zuteilungen!$J$2:$J$200,0))),"") | E30: =IFERROR(IF(INDEX(Zuteilungen!$D$2:$D$200,MATCH(26,Zuteilungen!$J$2:$J$200,0))="","",INDEX(Zuteilungen!$D$2:$D$200,MATCH(26,Zuteilungen!$J$2:$J$200,0))),"") | F30: =IFERROR(IF(INDEX(Zuteilungen!$E$2:$E$200,MATCH(26,Zuteilungen!$J$2:$J$200,0))="","",INDEX(Zuteilungen!$E$2:$E$200,MATCH(26,Zuteilungen!$J$2:$J$200,0))),"") | G30: =IFERROR(IF(INDEX(Zuteilungen!$F$2:$F$200,MATCH(26,Zuteilungen!$J$2:$J$200,0))="","",INDEX(Zuteilungen!$F$2:$F$200,MATCH(26,Zuteilungen!$J$2:$J$200,0))),"") | H30: =IFERROR(IF(INDEX(Zuteilungen!$H$2:$H$200,MATCH(26,Zuteilungen!$J$2:$J$200,0))="","",INDEX(Zuteilungen!$H$2:$H$200,MATCH(26,Zuteilungen!$J$2:$J$200,0))),"") | I30: =IFERROR(IF(INDEX(Zuteilungen!$I$2:$I$200,MATCH(26,Zuteilungen!$J$2:$J$200,0))="","",INDEX(Zuteilungen!$I$2:$I$200,MATCH(26,Zuteilungen!$J$2:$J$200,0))),"")
A31: =IFERROR(IF(MATCH(27,Zuteilungen!$J$2:$J$200,0)>0,27,""),"") | B31: =IFERROR(IF(INDEX(Zuteilungen!$A$2:$A$200,MATCH(27,Zuteilungen!$J$2:$J$200,0))="","",INDEX(Zuteilungen!$A$2:$A$200,MATCH(27,Zuteilungen!$J$2:$J$200,0))),"") | C31: =IFERROR(IF(INDEX(Zuteilungen!$B$2:$B$200,MATCH(27,Zuteilungen!$J$2:$J$200,0))="","",INDEX(Zuteilungen!$B$2:$B$200,MATCH(27,Zuteilungen!$J$2:$J$200,0))),"") | D31: =IFERROR(IF(INDEX(Zuteilungen!$C$2:$C$200,MATCH(27,Zuteilungen!$J$2:$J$200,0))="","",INDEX(Zuteilungen!$C$2:$C$200,MATCH(27,Zuteilungen!$J$2:$J$200,0))),"") | E31: =IFERROR(IF(INDEX(Zuteilungen!$D$2:$D$200,MATCH(27,Zuteilungen!$J$2:$J$200,0))="","",INDEX(Zuteilungen!$D$2:$D$200,MATCH(27,Zuteilungen!$J$2:$J$200,0))),"") | F31: =IFERROR(IF(INDEX(Zuteilungen!$E$2:$E$200,MATCH(27,Zuteilungen!$J$2:$J$200,0))="","",INDEX(Zuteilungen!$E$2:$E$200,MATCH(27,Zuteilungen!$J$2:$J$200,0))),"") | G31: =IFERROR(IF(INDEX(Zuteilungen!$F$2:$F$200,MATCH(27,Zuteilungen!$J$2:$J$200,0))="","",INDEX(Zuteilungen!$F$2:$F$200,MATCH(27,Zuteilungen!$J$2:$J$200,0))),"") | H31: =IFERROR(IF(INDEX(Zuteilungen!$H$2:$H$200,MATCH(27,Zuteilungen!$J$2:$J$200,0))="","",INDEX(Zuteilungen!$H$2:$H$200,MATCH(27,Zuteilungen!$J$2:$J$200,0))),"") | I31: =IFERROR(IF(INDEX(Zuteilungen!$I$2:$I$200,MATCH(27,Zuteilungen!$J$2:$J$200,0))="","",INDEX(Zuteilungen!$I$2:$I$200,MATCH(27,Zuteilungen!$J$2:$J$200,0))),"")
A32: =IFERROR(IF(MATCH(28,Zuteilungen!$J$2:$J$200,0)>0,28,""),"") | B32: =IFERROR(IF(INDEX(Zuteilungen!$A$2:$A$200,MATCH(28,Zuteilungen!$J$2:$J$200,0))="","",INDEX(Zuteilungen!$A$2:$A$200,MATCH(28,Zuteilungen!$J$2:$J$200,0))),"") | C32: =IFERROR(IF(INDEX(Zuteilungen!$B$2:$B$200,MATCH(28,Zuteilungen!$J$2:$J$200,0))="","",INDEX(Zuteilungen!$B$2:$B$200,MATCH(28,Zuteilungen!$J$2:$J$200,0))),"") | D32: =IFERROR(IF(INDEX(Zuteilungen!$C$2:$C$200,MATCH(28,Zuteilungen!$J$2:$J$200,0))="","",INDEX(Zuteilungen!$C$2:$C$200,MATCH(28,Zuteilungen!$J$2:$J$200,0))),"") | E32: =IFERROR(IF(INDEX(Zuteilungen!$D$2:$D$200,MATCH(28,Zuteilungen!$J$2:$J$200,0))="","",INDEX(Zuteilungen!$D$2:$D$200,MATCH(28,Zuteilungen!$J$2:$J$200,0))),"") | F32: =IFERROR(IF(INDEX(Zuteilungen!$E$2:$E$200,MATCH(28,Zuteilungen!$J$2:$J$200,0))="","",INDEX(Zuteilungen!$E$2:$E$200,MATCH(28,Zuteilungen!$J$2:$J$200,0))),"") | G32: =IFERROR(IF(INDEX(Zuteilungen!$F$2:$F$200,MATCH(28,Zuteilungen!$J$2:$J$200,0))="","",INDEX(Zuteilungen!$F$2:$F$200,MATCH(28,Zuteilungen!$J$2:$J$200,0))),"") | H32: =IFERROR(IF(INDEX(Zuteilungen!$H$2:$H$200,MATCH(28,Zuteilungen!$J$2:$J$200,0))="","",INDEX(Zuteilungen!$H$2:$H$200,MATCH(28,Zuteilungen!$J$2:$J$200,0))),"") | I32: =IFERROR(IF(INDEX(Zuteilungen!$I$2:$I$200,MATCH(28,Zuteilungen!$J$2:$J$200,0))="","",INDEX(Zuteilungen!$I$2:$I$200,MATCH(28,Zuteilungen!$J$2:$J$200,0))),"")
A33: =IFERROR(IF(MATCH(29,Zuteilungen!$J$2:$J$200,0)>0,29,""),"") | B33: =IFERROR(IF(INDEX(Zuteilungen!$A$2:$A$200,MATCH(29,Zuteilungen!$J$2:$J$200,0))="","",INDEX(Zuteilungen!$A$2:$A$200,MATCH(29,Zuteilungen!$J$2:$J$200,0))),"") | C33: =IFERROR(IF(INDEX(Zuteilungen!$B$2:$B$200,MATCH(29,Zuteilungen!$J$2:$J$200,0))="","",INDEX(Zuteilungen!$B$2:$B$200,MATCH(29,Zuteilungen!$J$2:$J$200,0))),"") | D33: =IFERROR(IF(INDEX(Zuteilungen!$C$2:$C$200,MATCH(29,Zuteilungen!$J$2:$J$200,0))="","",INDEX(Zuteilungen!$C$2:$C$200,MATCH(29,Zuteilungen!$J$2:$J$200,0))),"") | E33: =IFERROR(IF(INDEX(Zuteilungen!$D$2:$D$200,MATCH(29,Zuteilungen!$J$2:$J$200,0))="","",INDEX(Zuteilungen!$D$2:$D$200,MATCH(29,Zuteilungen!$J$2:$J$200,0))),"") | F33: =IFERROR(IF(INDEX(Zuteilungen!$E$2:$E$200,MATCH(29,Zuteilungen!$J$2:$J$200,0))="","",INDEX(Zuteilungen!$E$2:$E$200,MATCH(29,Zuteilungen!$J$2:$J$200,0))),"") | G33: =IFERROR(IF(INDEX(Zuteilungen!$F$2:$F$200,MATCH(29,Zuteilungen!$J$2:$J$200,0))="","",INDEX(Zuteilungen!$F$2:$F$200,MATCH(29,Zuteilungen!$J$2:$J$200,0))),"") | H33: =IFERROR(IF(INDEX(Zuteilungen!$H$2:$H$200,MATCH(29,Zuteilungen!$J$2:$J$200,0))="","",INDEX(Zuteilungen!$H$2:$H$200,MATCH(29,Zuteilungen!$J$2:$J$200,0))),"") | I33: =IFERROR(IF(INDEX(Zuteilungen!$I$2:$I$200,MATCH(29,Zuteilungen!$J$2:$J$200,0))="","",INDEX(Zuteilungen!$I$2:$I$200,MATCH(29,Zuteilungen!$J$2:$J$200,0))),"")
A34: =IFERROR(IF(MATCH(30,Zuteilungen!$J$2:$J$200,0)>0,30,""),"") | B34: =IFERROR(IF(INDEX(Zuteilungen!$A$2:$A$200,MATCH(30,Zuteilungen!$J$2:$J$200,0))="","",INDEX(Zuteilungen!$A$2:$A$200,MATCH(30,Zuteilungen!$J$2:$J$200,0))),"") | C34: =IFERROR(IF(INDEX(Zuteilungen!$B$2:$B$200,MATCH(30,Zuteilungen!$J$2:$J$200,0))="","",INDEX(Zuteilungen!$B$2:$B$200,MATCH(30,Zuteilungen!$J$2:$J$200,0))),"") | D34: =IFERROR(IF(INDEX(Zuteilungen!$C$2:$C$200,MATCH(30,Zuteilungen!$J$2:$J$200,0))="","",INDEX(Zuteilungen!$C$2:$C$200,MATCH(30,Zuteilungen!$J$2:$J$200,0))),"") | E34: =IFERROR(IF(INDEX(Zuteilungen!$D$2:$D$200,MATCH(30,Zuteilungen!$J$2:$J$200,0))="","",INDEX(Zuteilungen!$D$2:$D$200,MATCH(30,Zuteilungen!$J$2:$J$200,0))),"") | F34: =IFERROR(IF(INDEX(Zuteilungen!$E$2:$E$200,MATCH(30,Zuteilungen!$J$2:$J$200,0))="","",INDEX(Zuteilungen!$E$2:$E$200,MATCH(30,Zuteilungen!$J$2:$J$200,0))),"") | G34: =IFERROR(IF(INDEX(Zuteilungen!$F$2:$F$200,MATCH(30,Zuteilungen!$J$2:$J$200,0))="","",INDEX(Zuteilungen!$F$2:$F$200,MATCH(30,Zuteilungen!$J$2:$J$200,0))),"") | H34: =IFERROR(IF(INDEX(Zuteilungen!$H$2:$H$200,MATCH(30,Zuteilungen!$J$2:$J$200,0))="","",INDEX(Zuteilungen!$H$2:$H$200,MATCH(30,Zuteilungen!$J$2:$J$200,0))),"") | I34: =IFERROR(IF(INDEX(Zuteilungen!$I$2:$I$200,MATCH(30,Zuteilungen!$J$2:$J$200,0))="","",INDEX(Zuteilungen!$I$2:$I$200,MATCH(30,Zuteilungen!$J$2:$J$200,0))),"")
A35: =IFERROR(IF(MATCH(31,Zuteilungen!$J$2:$J$200,0)>0,31,""),"") | B35: =IFERROR(IF(INDEX(Zuteilungen!$A$2:$A$200,MATCH(31,Zuteilungen!$J$2:$J$200,0))="","",INDEX(Zuteilungen!$A$2:$A$200,MATCH(31,Zuteilungen!$J$2:$J$200,0))),"") | C35: =IFERROR(IF(INDEX(Zuteilungen!$B$2:$B$200,MATCH(31,Zuteilungen!$J$2:$J$200,0))="","",INDEX(Zuteilungen!$B$2:$B$200,MATCH(31,Zuteilungen!$J$2:$J$200,0))),"") | D35: =IFERROR(IF(INDEX(Zuteilungen!$C$2:$C$200,MATCH(31,Zuteilungen!$J$2:$J$200,0))="","",INDEX(Zuteilungen!$C$2:$C$200,MATCH(31,Zuteilungen!$J$2:$J$200,0))),"") | E35: =IFERROR(IF(INDEX(Zuteilungen!$D$2:$D$200,MATCH(31,Zuteilungen!$J$2:$J$200,0))="","",INDEX(Zuteilungen!$D$2:$D$200,MATCH(31,Zuteilungen!$J$2:$J$200,0))),"") | F35: =IFERROR(IF(INDEX(Zuteilungen!$E$2:$E$200,MATCH(31,Zuteilungen!$J$2:$J$200,0))="","",INDEX(Zuteilungen!$E$2:$E$200,MATCH(31,Zuteilungen!$J$2:$J$200,0))),"") | G35: =IFERROR(IF(INDEX(Zuteilungen!$F$2:$F$200,MATCH(31,Zuteilungen!$J$2:$J$200,0))="","",INDEX(Zuteilungen!$F$2:$F$200,MATCH(31,Zuteilungen!$J$2:$J$200,0))),"") | H35: =IFERROR(IF(INDEX(Zuteilungen!$H$2:$H$200,MATCH(31,Zuteilungen!$J$2:$J$200,0))="","",INDEX(Zuteilungen!$H$2:$H$200,MATCH(31,Zuteilungen!$J$2:$J$200,0))),"") | I35: =IFERROR(IF(INDEX(Zuteilungen!$I$2:$I$200,MATCH(31,Zuteilungen!$J$2:$J$200,0))="","",INDEX(Zuteilungen!$I$2:$I$200,MATCH(31,Zuteilungen!$J$2:$J$200,0))),"")
A36: =IFERROR(IF(MATCH(32,Zuteilungen!$J$2:$J$200,0)>0,32,""),"") | B36: =IFERROR(IF(INDEX(Zuteilungen!$A$2:$A$200,MATCH(32,Zuteilungen!$J$2:$J$200,0))="","",INDEX(Zuteilungen!$A$2:$A$200,MATCH(32,Zuteilungen!$J$2:$J$200,0))),"") | C36: =IFERROR(IF(INDEX(Zuteilungen!$B$2:$B$200,MATCH(32,Zuteilungen!$J$2:$J$200,0))="","",INDEX(Zuteilungen!$B$2:$B$200,MATCH(32,Zuteilungen!$J$2:$J$200,0))),"") | D36: =IFERROR(IF(INDEX(Zuteilungen!$C$2:$C$200,MATCH(32,Zuteilungen!$J$2:$J$200,0))="","",INDEX(Zuteilungen!$C$2:$C$200,MATCH(32,Zuteilungen!$J$2:$J$200,0))),"") | E36: =IFERROR(IF(INDEX(Zuteilungen!$D$2:$D$200,MATCH(32,Zuteilungen!$J$2:$J$200,0))="","",INDEX(Zuteilungen!$D$2:$D$200,MATCH(32,Zuteilungen!$J$2:$J$200,0))),"") | F36: =IFERROR(IF(INDEX(Zuteilungen!$E$2:$E$200,MATCH(32,Zuteilungen!$J$2:$J$200,0))="","",INDEX(Zuteilungen!$E$2:$E$200,MATCH(32,Zuteilungen!$J$2:$J$200,0))),"") | G36: =IFERROR(IF(INDEX(Zuteilungen!$F$2:$F$200,MATCH(32,Zuteilungen!$J$2:$J$200,0))="","",INDEX(Zuteilungen!$F$2:$F$200,MATCH(32,Zuteilungen!$J$2:$J$200,0))),"") | H36: =IFERROR(IF(INDEX(Zuteilungen!$H$2:$H$200,MATCH(32,Zuteilungen!$J$2:$J$200,0))="","",INDEX(Zuteilungen!$H$2:$H$200,MATCH(32,Zuteilungen!$J$2:$J$200,0))),"") | I36: =IFERROR(IF(INDEX(Zuteilungen!$I$2:$I$200,MATCH(32,Zuteilungen!$J$2:$J$200,0))="","",INDEX(Zuteilungen!$I$2:$I$200,MATCH(32,Zuteilungen!$J$2:$J$200,0))),"")
A37: =IFERROR(IF(MATCH(33,Zuteilungen!$J$2:$J$200,0)>0,33,""),"") | B37: =IFERROR(IF(INDEX(Zuteilungen!$A$2:$A$200,MATCH(33,Zuteilungen!$J$2:$J$200,0))="","",INDEX(Zuteilungen!$A$2:$A$200,MATCH(33,Zuteilungen!$J$2:$J$200,0))),"") | C37: =IFERROR(IF(INDEX(Zuteilungen!$B$2:$B$200,MATCH(33,Zuteilungen!$J$2:$J$200,0))="","",INDEX(Zuteilungen!$B$2:$B$200,MATCH(33,Zuteilungen!$J$2:$J$200,0))),"") | D37: =IFERROR(IF(INDEX(Zuteilungen!$C$2:$C$200,MATCH(33,Zuteilungen!$J$2:$J$200,0))="","",INDEX(Zuteilungen!$C$2:$C$200,MATCH(33,Zuteilungen!$J$2:$J$200,0))),"") | E37: =IFERROR(IF(INDEX(Zuteilungen!$D$2:$D$200,MATCH(33,Zuteilungen!$J$2:$J$200,0))="","",INDEX(Zuteilungen!$D$2:$D$200,MATCH(33,Zuteilungen!$J$2:$J$200,0))),"") | F37: =IFERROR(IF(INDEX(Zuteilungen!$E$2:$E$200,MATCH(33,Zuteilungen!$J$2:$J$200,0))="","",INDEX(Zuteilungen!$E$2:$E$200,MATCH(33,Zuteilungen!$J$2:$J$200,0))),"") | G37: =IFERROR(IF(INDEX(Zuteilungen!$F$2:$F$200,MATCH(33,Zuteilungen!$J$2:$J$200,0))="","",INDEX(Zuteilungen!$F$2:$F$200,MATCH(33,Zuteilungen!$J$2:$J$200,0))),"") | H37: =IFERROR(IF(INDEX(Zuteilungen!$H$2:$H$200,MATCH(33,Zuteilungen!$J$2:$J$200,0))="","",INDEX(Zuteilungen!$H$2:$H$200,MATCH(33,Zuteilungen!$J$2:$J$200,0))),"") | I37: =IFERROR(IF(INDEX(Zuteilungen!$I$2:$I$200,MATCH(33,Zuteilungen!$J$2:$J$200,0))="","",INDEX(Zuteilungen!$I$2:$I$200,MATCH(33,Zuteilungen!$J$2:$J$200,0))),"")
A38: =IFERROR(IF(MATCH(34,Zuteilungen!$J$2:$J$200,0)>0,34,""),"") | B38: =IFERROR(IF(INDEX(Zuteilungen!$A$2:$A$200,MATCH(34,Zuteilungen!$J$2:$J$200,0))="","",INDEX(Zuteilungen!$A$2:$A$200,MATCH(34,Zuteilungen!$J$2:$J$200,0))),"") | C38: =IFERROR(IF(INDEX(Zuteilungen!$B$2:$B$200,MATCH(34,Zuteilungen!$J$2:$J$200,0))="","",INDEX(Zuteilungen!$B$2:$B$200,MATCH(34,Zuteilungen!$J$2:$J$200,0))),"") | D38: =IFERROR(IF(INDEX(Zuteilungen!$C$2:$C$200,MATCH(34,Zuteilungen!$J$2:$J$200,0))="","",INDEX(Zuteilungen!$C$2:$C$200,MATCH(34,Zuteilungen!$J$2:$J$200,0))),"") | E38: =IFERROR(IF(INDEX(Zuteilungen!$D$2:$D$200,MATCH(34,Zuteilungen!$J$2:$J$200,0))="","",INDEX(Zuteilungen!$D$2:$D$200,MATCH(34,Zuteilungen!$J$2:$J$200,0))),"") | F38: =IFERROR(IF(INDEX(Zuteilungen!$E$2:$E$200,MATCH(34,Zuteilungen!$J$2:$J$200,0))="","",INDEX(Zuteilungen!$E$2:$E$200,MATCH(34,Zuteilungen!$J$2:$J$200,0))),"") | G38: =IFERROR(IF(INDEX(Zuteilungen!$F$2:$F$200,MATCH(34,Zuteilungen!$J$2:$J$200,0))="","",INDEX(Zuteilungen!$F$2:$F$200,MATCH(34,Zuteilungen!$J$2:$J$200,0))),"") | H38: =IFERROR(IF(INDEX(Zuteilungen!$H$2:$H$200,MATCH(34,Zuteilungen!$J$2:$J$200,0))="","",INDEX(Zuteilungen!$H$2:$H$200,MATCH(34,Zuteilungen!$J$2:$J$200,0))),"") | I38: =IFERROR(IF(INDEX(Zuteilungen!$I$2:$I$200,MATCH(34,Zuteilungen!$J$2:$J$200,0))="","",INDEX(Zuteilungen!$I$2:$I$200,MATCH(34,Zuteilungen!$J$2:$J$200,0))),"")
A39: =IFERROR(IF(MATCH(35,Zuteilungen!$J$2:$J$200,0)>0,35,""),"") | B39: =IFERROR(IF(INDEX(Zuteilungen!$A$2:$A$200,MATCH(35,Zuteilungen!$J$2:$J$200,0))="","",INDEX(Zuteilungen!$A$2:$A$200,MATCH(35,Zuteilungen!$J$2:$J$200,0))),"") | C39: =IFERROR(IF(INDEX(Zuteilungen!$B$2:$B$200,MATCH(35,Zuteilungen!$J$2:$J$200,0))="","",INDEX(Zuteilungen!$B$2:$B$200,MATCH(35,Zuteilungen!$J$2:$J$200,0))),"") | D39: =IFERROR(IF(INDEX(Zuteilungen!$C$2:$C$200,MATCH(35,Zuteilungen!$J$2:$J$200,0))="","",INDEX(Zuteilungen!$C$2:$C$200,MATCH(35,Zuteilungen!$J$2:$J$200,0))),"") | E39: =IFERROR(IF(INDEX(Zuteilungen!$D$2:$D$200,MATCH(35,Zuteilungen!$J$2:$J$200,0))="","",INDEX(Zuteilungen!$D$2:$D$200,MATCH(35,Zuteilungen!$J$2:$J$200,0))),"") | F39: =IFERROR(IF(INDEX(Zuteilungen!$E$2:$E$200,MATCH(35,Zuteilungen!$J$2:$J$200,0))="","",INDEX(Zuteilungen!$E$2:$E$200,MATCH(35,Zuteilungen!$J$2:$J$200,0))),"") | G39: =IFERROR(IF(INDEX(Zuteilungen!$F$2:$F$200,MATCH(35,Zuteilungen!$J$2:$J$200,0))="","",INDEX(Zuteilungen!$F$2:$F$200,MATCH(35,Zuteilungen!$J$2:$J$200,0))),"") | H39: =IFERROR(IF(INDEX(Zuteilungen!$H$2:$H$200,MATCH(35,Zuteilungen!$J$2:$J$200,0))="","",INDEX(Zuteilungen!$H$2:$H$200,MATCH(35,Zuteilungen!$J$2:$J$200,0))),"") | I39: =IFERROR(IF(INDEX(Zuteilungen!$I$2:$I$200,MATCH(35,Zuteilungen!$J$2:$J$200,0))="","",INDEX(Zuteilungen!$I$2:$I$200,MATCH(35,Zuteilungen!$J$2:$J$200,0))),"")
A40: =IFERROR(IF(MATCH(36,Zuteilungen!$J$2:$J$200,0)>0,36,""),"") | B40: =IFERROR(IF(INDEX(Zuteilungen!$A$2:$A$200,MATCH(36,Zuteilungen!$J$2:$J$200,0))="","",INDEX(Zuteilungen!$A$2:$A$200,MATCH(36,Zuteilungen!$J$2:$J$200,0))),"") | C40: =IFERROR(IF(INDEX(Zuteilungen!$B$2:$B$200,MATCH(36,Zuteilungen!$J$2:$J$200,0))="","",INDEX(Zuteilungen!$B$2:$B$200,MATCH(36,Zuteilungen!$J$2:$J$200,0))),"") | D40: =IFERROR(IF(INDEX(Zuteilungen!$C$2:$C$200,MATCH(36,Zuteilungen!$J$2:$J$200,0))="","",INDEX(Zuteilungen!$C$2:$C$200,MATCH(36,Zuteilungen!$J$2:$J$200,0))),"") | E40: =IFERROR(IF(INDEX(Zuteilungen!$D$2:$D$200,MATCH(36,Zuteilungen!$J$2:$J$200,0))="","",INDEX(Zuteilungen!$D$2:$D$200,MATCH(36,Zuteilungen!$J$2:$J$200,0))),"") | F40: =IFERROR(IF(INDEX(Zuteilungen!$E$2:$E$200,MATCH(36,Zuteilungen!$J$2:$J$200,0))="","",INDEX(Zuteilungen!$E$2:$E$200,MATCH(36,Zuteilungen!$J$2:$J$200,0))),"") | G40: =IFERROR(IF(INDEX(Zuteilungen!$F$2:$F$200,MATCH(36,Zuteilungen!$J$2:$J$200,0))="","",INDEX(Zuteilungen!$F$2:$F$200,MATCH(36,Zuteilungen!$J$2:$J$200,0))),"") | H40: =IFERROR(IF(INDEX(Zuteilungen!$H$2:$H$200,MATCH(36,Zuteilungen!$J$2:$J$200,0))="","",INDEX(Zuteilungen!$H$2:$H$200,MATCH(36,Zuteilungen!$J$2:$J$200,0))),"") | I40: =IFERROR(IF(INDEX(Zuteilungen!$I$2:$I$200,MATCH(36,Zuteilungen!$J$2:$J$200,0))="","",INDEX(Zuteilungen!$I$2:$I$200,MATCH(36,Zuteilungen!$J$2:$J$200,0))),"")
A41: =IFERROR(IF(MATCH(37,Zuteilungen!$J$2:$J$200,0)>0,37,""),"") | B41: =IFERROR(IF(INDEX(Zuteilungen!$A$2:$A$200,MATCH(37,Zuteilungen!$J$2:$J$200,0))="","",INDEX(Zuteilungen!$A$2:$A$200,MATCH(37,Zuteilungen!$J$2:$J$200,0))),"") | C41: =IFERROR(IF(INDEX(Zuteilungen!$B$2:$B$200,MATCH(37,Zuteilungen!$J$2:$J$200,0))="","",INDEX(Zuteilungen!$B$2:$B$200,MATCH(37,Zuteilungen!$J$2:$J$200,0))),"") | D41: =IFERROR(IF(INDEX(Zuteilungen!$C$2:$C$200,MATCH(37,Zuteilungen!$J$2:$J$200,0))="","",INDEX(Zuteilungen!$C$2:$C$200,MATCH(37,Zuteilungen!$J$2:$J$200,0))),"") | E41: =IFERROR(IF(INDEX(Zuteilungen!$D$2:$D$200,MATCH(37,Zuteilungen!$J$2:$J$200,0))="","",INDEX(Zuteilungen!$D$2:$D$200,MATCH(37,Zuteilungen!$J$2:$J$200,0))),"") | F41: =IFERROR(IF(INDEX(Zuteilungen!$E$2:$E$200,MATCH(37,Zuteilungen!$J$2:$J$200,0))="","",INDEX(Zuteilungen!$E$2:$E$200,MATCH(37,Zuteilungen!$J$2:$J$200,0))),"") | G41: =IFERROR(IF(INDEX(Zuteilungen!$F$2:$F$200,MATCH(37,Zuteilungen!$J$2:$J$200,0))="","",INDEX(Zuteilungen!$F$2:$F$200,MATCH(37,Zuteilungen!$J$2:$J$200,0))),"") | H41: =IFERROR(IF(INDEX(Zuteilungen!$H$2:$H$200,MATCH(37,Zuteilungen!$J$2:$J$200,0))="","",INDEX(Zuteilungen!$H$2:$H$200,MATCH(37,Zuteilungen!$J$2:$J$200,0))),"") | I41: =IFERROR(IF(INDEX(Zuteilungen!$I$2:$I$200,MATCH(37,Zuteilungen!$J$2:$J$200,0))="","",INDEX(Zuteilungen!$I$2:$I$200,MATCH(37,Zuteilungen!$J$2:$J$200,0))),"")
A42: =IFERROR(IF(MATCH(38,Zuteilungen!$J$2:$J$200,0)>0,38,""),"") | B42: =IFERROR(IF(INDEX(Zuteilungen!$A$2:$A$200,MATCH(38,Zuteilungen!$J$2:$J$200,0))="","",INDEX(Zuteilungen!$A$2:$A$200,MATCH(38,Zuteilungen!$J$2:$J$200,0))),"") | C42: =IFERROR(IF(INDEX(Zuteilungen!$B$2:$B$200,MATCH(38,Zuteilungen!$J$2:$J$200,0))="","",INDEX(Zuteilungen!$B$2:$B$200,MATCH(38,Zuteilungen!$J$2:$J$200,0))),"") | D42: =IFERROR(IF(INDEX(Zuteilungen!$C$2:$C$200,MATCH(38,Zuteilungen!$J$2:$J$200,0))="","",INDEX(Zuteilungen!$C$2:$C$200,MATCH(38,Zuteilungen!$J$2:$J$200,0))),"") | E42: =IFERROR(IF(INDEX(Zuteilungen!$D$2:$D$200,MATCH(38,Zuteilungen!$J$2:$J$200,0))="","",INDEX(Zuteilungen!$D$2:$D$200,MATCH(38,Zuteilungen!$J$2:$J$200,0))),"") | F42: =IFERROR(IF(INDEX(Zuteilungen!$E$2:$E$200,MATCH(38,Zuteilungen!$J$2:$J$200,0))="","",INDEX(Zuteilungen!$E$2:$E$200,MATCH(38,Zuteilungen!$J$2:$J$200,0))),"") | G42: =IFERROR(IF(INDEX(Zuteilungen!$F$2:$F$200,MATCH(38,Zuteilungen!$J$2:$J$200,0))="","",INDEX(Zuteilungen!$F$2:$F$200,MATCH(38,Zuteilungen!$J$2:$J$200,0))),"") | H42: =IFERROR(IF(INDEX(Zuteilungen!$H$2:$H$200,MATCH(38,Zuteilungen!$J$2:$J$200,0))="","",INDEX(Zuteilungen!$H$2:$H$200,MATCH(38,Zuteilungen!$J$2:$J$200,0))),"") | I42: =IFERROR(IF(INDEX(Zuteilungen!$I$2:$I$200,MATCH(38,Zuteilungen!$J$2:$J$200,0))="","",INDEX(Zuteilungen!$I$2:$I$200,MATCH(38,Zuteilungen!$J$2:$J$200,0))),"")
A43: =IFERROR(IF(MATCH(39,Zuteilungen!$J$2:$J$200,0)>0,39,""),"") | B43: =IFERROR(IF(INDEX(Zuteilungen!$A$2:$A$200,MATCH(39,Zuteilungen!$J$2:$J$200,0))="","",INDEX(Zuteilungen!$A$2:$A$200,MATCH(39,Zuteilungen!$J$2:$J$200,0))),"") | C43: =IFERROR(IF(INDEX(Zuteilungen!$B$2:$B$200,MATCH(39,Zuteilungen!$J$2:$J$200,0))="","",INDEX(Zuteilungen!$B$2:$B$200,MATCH(39,Zuteilungen!$J$2:$J$200,0))),"") | D43: =IFERROR(IF(INDEX(Zuteilungen!$C$2:$C$200,MATCH(39,Zuteilungen!$J$2:$J$200,0))="","",INDEX(Zuteilungen!$C$2:$C$200,MATCH(39,Zuteilungen!$J$2:$J$200,0))),"") | E43: =IFERROR(IF(INDEX(Zuteilungen!$D$2:$D$200,MATCH(39,Zuteilungen!$J$2:$J$200,0))="","",INDEX(Zuteilungen!$D$2:$D$200,MATCH(39,Zuteilungen!$J$2:$J$200,0))),"") | F43: =IFERROR(IF(INDEX(Zuteilungen!$E$2:$E$200,MATCH(39,Zuteilungen!$J$2:$J$200,0))="","",INDEX(Zuteilungen!$E$2:$E$200,MATCH(39,Zuteilungen!$J$2:$J$200,0))),"") | G43: =IFERROR(IF(INDEX(Zuteilungen!$F$2:$F$200,MATCH(39,Zuteilungen!$J$2:$J$200,0))="","",INDEX(Zuteilungen!$F$2:$F$200,MATCH(39,Zuteilungen!$J$2:$J$200,0))),"") | H43: =IFERROR(IF(INDEX(Zuteilungen!$H$2:$H$200,MATCH(39,Zuteilungen!$J$2:$J$200,0))="","",INDEX(Zuteilungen!$H$2:$H$200,MATCH(39,Zuteilungen!$J$2:$J$200,0))),"") | I43: =IFERROR(IF(INDEX(Zuteilungen!$I$2:$I$200,MATCH(39,Zuteilungen!$J$2:$J$200,0))="","",INDEX(Zuteilungen!$I$2:$I$200,MATCH(39,Zuteilungen!$J$2:$J$200,0))),"")
A44: =IFERROR(IF(MATCH(40,Zuteilungen!$J$2:$J$200,0)>0,40,""),"") | B44: =IFERROR(IF(INDEX(Zuteilungen!$A$2:$A$200,MATCH(40,Zuteilungen!$J$2:$J$200,0))="","",INDEX(Zuteilungen!$A$2:$A$200,MATCH(40,Zuteilungen!$J$2:$J$200,0))),"") | C44: =IFERROR(IF(INDEX(Zuteilungen!$B$2:$B$200,MATCH(40,Zuteilungen!$J$2:$J$200,0))="","",INDEX(Zuteilungen!$B$2:$B$200,MATCH(40,Zuteilungen!$J$2:$J$200,0))),"") | D44: =IFERROR(IF(INDEX(Zuteilungen!$C$2:$C$200,MATCH(40,Zuteilungen!$J$2:$J$200,0))="","",INDEX(Zuteilungen!$C$2:$C$200,MATCH(40,Zuteilungen!$J$2:$J$200,0))),"") | E44: =IFERROR(IF(INDEX(Zuteilungen!$D$2:$D$200,MATCH(40,Zuteilungen!$J$2:$J$200,0))="","",INDEX(Zuteilungen!$D$2:$D$200,MATCH(40,Zuteilungen!$J$2:$J$200,0))),"") | F44: =IFERROR(IF(INDEX(Zuteilungen!$E$2:$E$200,MATCH(40,Zuteilungen!$J$2:$J$200,0))="","",INDEX(Zuteilungen!$E$2:$E$200,MATCH(40,Zuteilungen!$J$2:$J$200,0))),"") | G44: =IFERROR(IF(INDEX(Zuteilungen!$F$2:$F$200,MATCH(40,Zuteilungen!$J$2:$J$200,0))="","",INDEX(Zuteilungen!$F$2:$F$200,MATCH(40,Zuteilungen!$J$2:$J$200,0))),"") | H44: =IFERROR(IF(INDEX(Zuteilungen!$H$2:$H$200,MATCH(40,Zuteilungen!$J$2:$J$200,0))="","",INDEX(Zuteilungen!$H$2:$H$200,MATCH(40,Zuteilungen!$J$2:$J$200,0))),"") | I44: =IFERROR(IF(INDEX(Zuteilungen!$I$2:$I$200,MATCH(40,Zuteilungen!$J$2:$J$200,0))="","",INDEX(Zuteilungen!$I$2:$I$200,MATCH(40,Zuteilungen!$J$2:$J$200,0))),"")
A45: =IFERROR(IF(MATCH(41,Zuteilungen!$J$2:$J$200,0)>0,41,""),"") | B45: =IFERROR(IF(INDEX(Zuteilungen!$A$2:$A$200,MATCH(41,Zuteilungen!$J$2:$J$200,0))="","",INDEX(Zuteilungen!$A$2:$A$200,MATCH(41,Zuteilungen!$J$2:$J$200,0))),"") | C45: =IFERROR(IF(INDEX(Zuteilungen!$B$2:$B$200,MATCH(41,Zuteilungen!$J$2:$J$200,0))="","",INDEX(Zuteilungen!$B$2:$B$200,MATCH(41,Zuteilungen!$J$2:$J$200,0))),"") | D45: =IFERROR(IF(INDEX(Zuteilungen!$C$2:$C$200,MATCH(41,Zuteilungen!$J$2:$J$200,0))="","",INDEX(Zuteilungen!$C$2:$C$200,MATCH(41,Zuteilungen!$J$2:$J$200,0))),"") | E45: =IFERROR(IF(INDEX(Zuteilungen!$D$2:$D$200,MATCH(41,Zuteilungen!$J$2:$J$200,0))="","",INDEX(Zuteilungen!$D$2:$D$200,MATCH(41,Zuteilungen!$J$2:$J$200,0))),"") | F45: =IFERROR(IF(INDEX(Zuteilungen!$E$2:$E$200,MATCH(41,Zuteilungen!$J$2:$J$200,0))="","",INDEX(Zuteilungen!$E$2:$E$200,MATCH(41,Zuteilungen!$J$2:$J$200,0))),"") | G45: =IFERROR(IF(INDEX(Zuteilungen!$F$2:$F$200,MATCH(41,Zuteilungen!$J$2:$J$200,0))="","",INDEX(Zuteilungen!$F$2:$F$200,MATCH(41,Zuteilungen!$J$2:$J$200,0))),"") | H45: =IFERROR(IF(INDEX(Zuteilungen!$H$2:$H$200,MATCH(41,Zuteilungen!$J$2:$J$200,0))="","",INDEX(Zuteilungen!$H$2:$H$200,MATCH(41,Zuteilungen!$J$2:$J$200,0))),"") | I45: =IFERROR(IF(INDEX(Zuteilungen!$I$2:$I$200,MATCH(41,Zuteilungen!$J$2:$J$200,0))="","",INDEX(Zuteilungen!$I$2:$I$200,MATCH(41,Zuteilungen!$J$2:$J$200,0))),"")
A46: =IFERROR(IF(MATCH(42,Zuteilungen!$J$2:$J$200,0)>0,42,""),"") | B46: =IFERROR(IF(INDEX(Zuteilungen!$A$2:$A$200,MATCH(42,Zuteilungen!$J$2:$J$200,0))="","",INDEX(Zuteilungen!$A$2:$A$200,MATCH(42,Zuteilungen!$J$2:$J$200,0))),"") | C46: =IFERROR(IF(INDEX(Zuteilungen!$B$2:$B$200,MATCH(42,Zuteilungen!$J$2:$J$200,0))="","",INDEX(Zuteilungen!$B$2:$B$200,MATCH(42,Zuteilungen!$J$2:$J$200,0))),"") | D46: =IFERROR(IF(INDEX(Zuteilungen!$C$2:$C$200,MATCH(42,Zuteilungen!$J$2:$J$200,0))="","",INDEX(Zuteilungen!$C$2:$C$200,MATCH(42,Zuteilungen!$J$2:$J$200,0))),"") | E46: =IFERROR(IF(INDEX(Zuteilungen!$D$2:$D$200,MATCH(42,Zuteilungen!$J$2:$J$200,0))="","",INDEX(Zuteilungen!$D$2:$D$200,MATCH(42,Zuteilungen!$J$2:$J$200,0))),"") | F46: =IFERROR(IF(INDEX(Zuteilungen!$E$2:$E$200,MATCH(42,Zuteilungen!$J$2:$J$200,0))="","",INDEX(Zuteilungen!$E$2:$E$200,MATCH(42,Zuteilungen!$J$2:$J$200,0))),"") | G46: =IFERROR(IF(INDEX(Zuteilungen!$F$2:$F$200,MATCH(42,Zuteilungen!$J$2:$J$200,0))="","",INDEX(Zuteilungen!$F$2:$F$200,MATCH(42,Zuteilungen!$J$2:$J$200,0))),"") | H46: =IFERROR(IF(INDEX(Zuteilungen!$H$2:$H$200,MATCH(42,Zuteilungen!$J$2:$J$200,0))="","",INDEX(Zuteilungen!$H$2:$H$200,MATCH(42,Zuteilungen!$J$2:$J$200,0))),"") | I46: =IFERROR(IF(INDEX(Zuteilungen!$I$2:$I$200,MATCH(42,Zuteilungen!$J$2:$J$200,0))="","",INDEX(Zuteilungen!$I$2:$I$200,MATCH(42,Zuteilungen!$J$2:$J$200,0))),"")
A47: =IFERROR(IF(MATCH(43,Zuteilungen!$J$2:$J$200,0)>0,43,""),"") | B47: =IFERROR(IF(INDEX(Zuteilungen!$A$2:$A$200,MATCH(43,Zuteilungen!$J$2:$J$200,0))="","",INDEX(Zuteilungen!$A$2:$A$200,MATCH(43,Zuteilungen!$J$2:$J$200,0))),"") | C47: =IFERROR(IF(INDEX(Zuteilungen!$B$2:$B$200,MATCH(43,Zuteilungen!$J$2:$J$200,0))="","",INDEX(Zuteilungen!$B$2:$B$200,MATCH(43,Zuteilungen!$J$2:$J$200,0))),"") | D47: =IFERROR(IF(INDEX(Zuteilungen!$C$2:$C$200,MATCH(43,Zuteilungen!$J$2:$J$200,0))="","",INDEX(Zuteilungen!$C$2:$C$200,MATCH(43,Zuteilungen!$J$2:$J$200,0))),"") | E47: =IFERROR(IF(INDEX(Zuteilungen!$D$2:$D$200,MATCH(43,Zuteilungen!$J$2:$J$200,0))="","",INDEX(Zuteilungen!$D$2:$D$200,MATCH(43,Zuteilungen!$J$2:$J$200,0))),"") | F47: =IFERROR(IF(INDEX(Zuteilungen!$E$2:$E$200,MATCH(43,Zuteilungen!$J$2:$J$200,0))="","",INDEX(Zuteilungen!$E$2:$E$200,MATCH(43,Zuteilungen!$J$2:$J$200,0))),"") | G47: =IFERROR(IF(INDEX(Zuteilungen!$F$2:$F$200,MATCH(43,Zuteilungen!$J$2:$J$200,0))="","",INDEX(Zuteilungen!$F$2:$F$200,MATCH(43,Zuteilungen!$J$2:$J$200,0))),"") | H47: =IFERROR(IF(INDEX(Zuteilungen!$H$2:$H$200,MATCH(43,Zuteilungen!$J$2:$J$200,0))="","",INDEX(Zuteilungen!$H$2:$H$200,MATCH(43,Zuteilungen!$J$2:$J$200,0))),"") | I47: =IFERROR(IF(INDEX(Zuteilungen!$I$2:$I$200,MATCH(43,Zuteilungen!$J$2:$J$200,0))="","",INDEX(Zuteilungen!$I$2:$I$200,MATCH(43,Zuteilungen!$J$2:$J$200,0))),"")
A48: =IFERROR(IF(MATCH(44,Zuteilungen!$J$2:$J$200,0)>0,44,""),"") | B48: =IFERROR(IF(INDEX(Zuteilungen!$A$2:$A$200,MATCH(44,Zuteilungen!$J$2:$J$200,0))="","",INDEX(Zuteilungen!$A$2:$A$200,MATCH(44,Zuteilungen!$J$2:$J$200,0))),"") | C48: =IFERROR(IF(INDEX(Zuteilungen!$B$2:$B$200,MATCH(44,Zuteilungen!$J$2:$J$200,0))="","",INDEX(Zuteilungen!$B$2:$B$200,MATCH(44,Zuteilungen!$J$2:$J$200,0))),"") | D48: =IFERROR(IF(INDEX(Zuteilungen!$C$2:$C$200,MATCH(44,Zuteilungen!$J$2:$J$200,0))="","",INDEX(Zuteilungen!$C$2:$C$200,MATCH(44,Zuteilungen!$J$2:$J$200,0))),"") | E48: =IFERROR(IF(INDEX(Zuteilungen!$D$2:$D$200,MATCH(44,Zuteilungen!$J$2:$J$200,0))="","",INDEX(Zuteilungen!$D$2:$D$200,MATCH(44,Zuteilungen!$J$2:$J$200,0))),"") | F48: =IFERROR(IF(INDEX(Zuteilungen!$E$2:$E$200,MATCH(44,Zuteilungen!$J$2:$J$200,0))="","",INDEX(Zuteilungen!$E$2:$E$200,MATCH(44,Zuteilungen!$J$2:$J$200,0))),"") | G48: =IFERROR(IF(INDEX(Zuteilungen!$F$2:$F$200,MATCH(44,Zuteilungen!$J$2:$J$200,0))="","",INDEX(Zuteilungen!$F$2:$F$200,MATCH(44,Zuteilungen!$J$2:$J$200,0))),"") | H48: =IFERROR(IF(INDEX(Zuteilungen!$H$2:$H$200,MATCH(44,Zuteilungen!$J$2:$J$200,0))="","",INDEX(Zuteilungen!$H$2:$H$200,MATCH(44,Zuteilungen!$J$2:$J$200,0))),"") | I48: =IFERROR(IF(INDEX(Zuteilungen!$I$2:$I$200,MATCH(44,Zuteilungen!$J$2:$J$200,0))="","",INDEX(Zuteilungen!$I$2:$I$200,MATCH(44,Zuteilungen!$J$2:$J$200,0))),"")
A49: =IFERROR(IF(MATCH(45,Zuteilungen!$J$2:$J$200,0)>0,45,""),"") | B49: =IFERROR(IF(INDEX(Zuteilungen!$A$2:$A$200,MATCH(45,Zuteilungen!$J$2:$J$200,0))="","",INDEX(Zuteilungen!$A$2:$A$200,MATCH(45,Zuteilungen!$J$2:$J$200,0))),"") | C49: =IFERROR(IF(INDEX(Zuteilungen!$B$2:$B$200,MATCH(45,Zuteilungen!$J$2:$J$200,0))="","",INDEX(Zuteilungen!$B$2:$B$200,MATCH(45,Zuteilungen!$J$2:$J$200,0))),"") | D49: =IFERROR(IF(INDEX(Zuteilungen!$C$2:$C$200,MATCH(45,Zuteilungen!$J$2:$J$200,0))="","",INDEX(Zuteilungen!$C$2:$C$200,MATCH(45,Zuteilungen!$J$2:$J$200,0))),"") | E49: =IFERROR(IF(INDEX(Zuteilungen!$D$2:$D$200,MATCH(45,Zuteilungen!$J$2:$J$200,0))="","",INDEX(Zuteilungen!$D$2:$D$200,MATCH(45,Zuteilungen!$J$2:$J$200,0))),"") | F49: =IFERROR(IF(INDEX(Zuteilungen!$E$2:$E$200,MATCH(45,Zuteilungen!$J$2:$J$200,0))="","",INDEX(Zuteilungen!$E$2:$E$200,MATCH(45,Zuteilungen!$J$2:$J$200,0))),"") | G49: =IFERROR(IF(INDEX(Zuteilungen!$F$2:$F$200,MATCH(45,Zuteilungen!$J$2:$J$200,0))="","",INDEX(Zuteilungen!$F$2:$F$200,MATCH(45,Zuteilungen!$J$2:$J$200,0))),"") | H49: =IFERROR(IF(INDEX(Zuteilungen!$H$2:$H$200,MATCH(45,Zuteilungen!$J$2:$J$200,0))="","",INDEX(Zuteilungen!$H$2:$H$200,MATCH(45,Zuteilungen!$J$2:$J$200,0))),"") | I49: =IFERROR(IF(INDEX(Zuteilungen!$I$2:$I$200,MATCH(45,Zuteilungen!$J$2:$J$200,0))="","",INDEX(Zuteilungen!$I$2:$I$200,MATCH(45,Zuteilungen!$J$2:$J$200,0))),"")
A50: =IFERROR(IF(MATCH(46,Zuteilungen!$J$2:$J$200,0)>0,46,""),"") | B50: =IFERROR(IF(INDEX(Zuteilungen!$A$2:$A$200,MATCH(46,Zuteilungen!$J$2:$J$200,0))="","",INDEX(Zuteilungen!$A$2:$A$200,MATCH(46,Zuteilungen!$J$2:$J$200,0))),"") | C50: =IFERROR(IF(INDEX(Zuteilungen!$B$2:$B$200,MATCH(46,Zuteilungen!$J$2:$J$200,0))="","",INDEX(Zuteilungen!$B$2:$B$200,MATCH(46,Zuteilungen!$J$2:$J$200,0))),"") | D50: =IFERROR(IF(INDEX(Zuteilungen!$C$2:$C$200,MATCH(46,Zuteilungen!$J$2:$J$200,0))="","",INDEX(Zuteilungen!$C$2:$C$200,MATCH(46,Zuteilungen!$J$2:$J$200,0))),"") | E50: =IFERROR(IF(INDEX(Zuteilungen!$D$2:$D$200,MATCH(46,Zuteilungen!$J$2:$J$200,0))="","",INDEX(Zuteilungen!$D$2:$D$200,MATCH(46,Zuteilungen!$J$2:$J$200,0))),"") | F50: =IFERROR(IF(INDEX(Zuteilungen!$E$2:$E$200,MATCH(46,Zuteilungen!$J$2:$J$200,0))="","",INDEX(Zuteilungen!$E$2:$E$200,MATCH(46,Zuteilungen!$J$2:$J$200,0))),"") | G50: =IFERROR(IF(INDEX(Zuteilungen!$F$2:$F$200,MATCH(46,Zuteilungen!$J$2:$J$200,0))="","",INDEX(Zuteilungen!$F$2:$F$200,MATCH(46,Zuteilungen!$J$2:$J$200,0))),"") | H50: =IFERROR(IF(INDEX(Zuteilungen!$H$2:$H$200,MATCH(46,Zuteilungen!$J$2:$J$200,0))="","",INDEX(Zuteilungen!$H$2:$H$200,MATCH(46,Zuteilungen!$J$2:$J$200,0))),"") | I50: =IFERROR(IF(INDEX(Zuteilungen!$I$2:$I$200,MATCH(46,Zuteilungen!$J$2:$J$200,0))="","",INDEX(Zuteilungen!$I$2:$I$200,MATCH(46,Zuteilungen!$J$2:$J$200,0))),"")
A51: =IFERROR(IF(MATCH(47,Zuteilungen!$J$2:$J$200,0)>0,47,""),"") | B51: =IFERROR(IF(INDEX(Zuteilungen!$A$2:$A$200,MATCH(47,Zuteilungen!$J$2:$J$200,0))="","",INDEX(Zuteilungen!$A$2:$A$200,MATCH(47,Zuteilungen!$J$2:$J$200,0))),"") | C51: =IFERROR(IF(INDEX(Zuteilungen!$B$2:$B$200,MATCH(47,Zuteilungen!$J$2:$J$200,0))="","",INDEX(Zuteilungen!$B$2:$B$200,MATCH(47,Zuteilungen!$J$2:$J$200,0))),"") | D51: =IFERROR(IF(INDEX(Zuteilungen!$C$2:$C$200,MATCH(47,Zuteilungen!$J$2:$J$200,0))="","",INDEX(Zuteilungen!$C$2:$C$200,MATCH(47,Zuteilungen!$J$2:$J$200,0))),"") | E51: =IFERROR(IF(INDEX(Zuteilungen!$D$2:$D$200,MATCH(47,Zuteilungen!$J$2:$J$200,0))="","",INDEX(Zuteilungen!$D$2:$D$200,MATCH(47,Zuteilungen!$J$2:$J$200,0))),"") | F51: =IFERROR(IF(INDEX(Zuteilungen!$E$2:$E$200,MATCH(47,Zuteilungen!$J$2:$J$200,0))="","",INDEX(Zuteilungen!$E$2:$E$200,MATCH(47,Zuteilungen!$J$2:$J$200,0))),"") | G51: =IFERROR(IF(INDEX(Zuteilungen!$F$2:$F$200,MATCH(47,Zuteilungen!$J$2:$J$200,0))="","",INDEX(Zuteilungen!$F$2:$F$200,MATCH(47,Zuteilungen!$J$2:$J$200,0))),"") | H51: =IFERROR(IF(INDEX(Zuteilungen!$H$2:$H$200,MATCH(47,Zuteilungen!$J$2:$J$200,0))="","",INDEX(Zuteilungen!$H$2:$H$200,MATCH(47,Zuteilungen!$J$2:$J$200,0))),"") | I51: =IFERROR(IF(INDEX(Zuteilungen!$I$2:$I$200,MATCH(47,Zuteilungen!$J$2:$J$200,0))="","",INDEX(Zuteilungen!$I$2:$I$200,MATCH(47,Zuteilungen!$J$2:$J$200,0))),"")
A52: =IFERROR(IF(MATCH(48,Zuteilungen!$J$2:$J$200,0)>0,48,""),"") | B52: =IFERROR(IF(INDEX(Zuteilungen!$A$2:$A$200,MATCH(48,Zuteilungen!$J$2:$J$200,0))="","",INDEX(Zuteilungen!$A$2:$A$200,MATCH(48,Zuteilungen!$J$2:$J$200,0))),"") | C52: =IFERROR(IF(INDEX(Zuteilungen!$B$2:$B$200,MATCH(48,Zuteilungen!$J$2:$J$200,0))="","",INDEX(Zuteilungen!$B$2:$B$200,MATCH(48,Zuteilungen!$J$2:$J$200,0))),"") | D52: =IFERROR(IF(INDEX(Zuteilungen!$C$2:$C$200,MATCH(48,Zuteilungen!$J$2:$J$200,0))="","",INDEX(Zuteilungen!$C$2:$C$200,MATCH(48,Zuteilungen!$J$2:$J$200,0))),"") | E52: =IFERROR(IF(INDEX(Zuteilungen!$D$2:$D$200,MATCH(48,Zuteilungen!$J$2:$J$200,0))="","",INDEX(Zuteilungen!$D$2:$D$200,MATCH(48,Zuteilungen!$J$2:$J$200,0))),"") | F52: =IFERROR(IF(INDEX(Zuteilungen!$E$2:$E$200,MATCH(48,Zuteilungen!$J$2:$J$200,0))="","",INDEX(Zuteilungen!$E$2:$E$200,MATCH(48,Zuteilungen!$J$2:$J$200,0))),"") | G52: =IFERROR(IF(INDEX(Zuteilungen!$F$2:$F$200,MATCH(48,Zuteilungen!$J$2:$J$200,0))="","",INDEX(Zuteilungen!$F$2:$F$200,MATCH(48,Zuteilungen!$J$2:$J$200,0))),"") | H52: =IFERROR(IF(INDEX(Zuteilungen!$H$2:$H$200,MATCH(48,Zuteilungen!$J$2:$J$200,0))="","",INDEX(Zuteilungen!$H$2:$H$200,MATCH(48,Zuteilungen!$J$2:$J$200,0))),"") | I52: =IFERROR(IF(INDEX(Zuteilungen!$I$2:$I$200,MATCH(48,Zuteilungen!$J$2:$J$200,0))="","",INDEX(Zuteilungen!$I$2:$I$200,MATCH(48,Zuteilungen!$J$2:$J$200,0))),"")
A53: =IFERROR(IF(MATCH(49,Zuteilungen!$J$2:$J$200,0)>0,49,""),"") | B53: =IFERROR(IF(INDEX(Zuteilungen!$A$2:$A$200,MATCH(49,Zuteilungen!$J$2:$J$200,0))="","",INDEX(Zuteilungen!$A$2:$A$200,MATCH(49,Zuteilungen!$J$2:$J$200,0))),"") | C53: =IFERROR(IF(INDEX(Zuteilungen!$B$2:$B$200,MATCH(49,Zuteilungen!$J$2:$J$200,0))="","",INDEX(Zuteilungen!$B$2:$B$200,MATCH(49,Zuteilungen!$J$2:$J$200,0))),"") | D53: =IFERROR(IF(INDEX(Zuteilungen!$C$2:$C$200,MATCH(49,Zuteilungen!$J$2:$J$200,0))="","",INDEX(Zuteilungen!$C$2:$C$200,MATCH(49,Zuteilungen!$J$2:$J$200,0))),"") | E53: =IFERROR(IF(INDEX(Zuteilungen!$D$2:$D$200,MATCH(49,Zuteilungen!$J$2:$J$200,0))="","",INDEX(Zuteilungen!$D$2:$D$200,MATCH(49,Zuteilungen!$J$2:$J$200,0))),"") | F53: =IFERROR(IF(INDEX(Zuteilungen!$E$2:$E$200,MATCH(49,Zuteilungen!$J$2:$J$200,0))="","",INDEX(Zuteilungen!$E$2:$E$200,MATCH(49,Zuteilungen!$J$2:$J$200,0))),"") | G53: =IFERROR(IF(INDEX(Zuteilungen!$F$2:$F$200,MATCH(49,Zuteilungen!$J$2:$J$200,0))="","",INDEX(Zuteilungen!$F$2:$F$200,MATCH(49,Zuteilungen!$J$2:$J$200,0))),"") | H53: =IFERROR(IF(INDEX(Zuteilungen!$H$2:$H$200,MATCH(49,Zuteilungen!$J$2:$J$200,0))="","",INDEX(Zuteilungen!$H$2:$H$200,MATCH(49,Zuteilungen!$J$2:$J$200,0))),"") | I53: =IFERROR(IF(INDEX(Zuteilungen!$I$2:$I$200,MATCH(49,Zuteilungen!$J$2:$J$200,0))="","",INDEX(Zuteilungen!$I$2:$I$200,MATCH(49,Zuteilungen!$J$2:$J$200,0))),"")
A54: =IFERROR(IF(MATCH(50,Zuteilungen!$J$2:$J$200,0)>0,50,""),"") | B54: =IFERROR(IF(INDEX(Zuteilungen!$A$2:$A$200,MATCH(50,Zuteilungen!$J$2:$J$200,0))="","",INDEX(Zuteilungen!$A$2:$A$200,MATCH(50,Zuteilungen!$J$2:$J$200,0))),"") | C54: =IFERROR(IF(INDEX(Zuteilungen!$B$2:$B$200,MATCH(50,Zuteilungen!$J$2:$J$200,0))="","",INDEX(Zuteilungen!$B$2:$B$200,MATCH(50,Zuteilungen!$J$2:$J$200,0))),"") | D54: =IFERROR(IF(INDEX(Zuteilungen!$C$2:$C$200,MATCH(50,Zuteilungen!$J$2:$J$200,0))="","",INDEX(Zuteilungen!$C$2:$C$200,MATCH(50,Zuteilungen!$J$2:$J$200,0))),"") | E54: =IFERROR(IF(INDEX(Zuteilungen!$D$2:$D$200,MATCH(50,Zuteilungen!$J$2:$J$200,0))="","",INDEX(Zuteilungen!$D$2:$D$200,MATCH(50,Zuteilungen!$J$2:$J$200,0))),"") | F54: =IFERROR(IF(INDEX(Zuteilungen!$E$2:$E$200,MATCH(50,Zuteilungen!$J$2:$J$200,0))="","",INDEX(Zuteilungen!$E$2:$E$200,MATCH(50,Zuteilungen!$J$2:$J$200,0))),"") | G54: =IFERROR(IF(INDEX(Zuteilungen!$F$2:$F$200,MATCH(50,Zuteilungen!$J$2:$J$200,0))="","",INDEX(Zuteilungen!$F$2:$F$200,MATCH(50,Zuteilungen!$J$2:$J$200,0))),"") | H54: =IFERROR(IF(INDEX(Zuteilungen!$H$2:$H$200,MATCH(50,Zuteilungen!$J$2:$J$200,0))="","",INDEX(Zuteilungen!$H$2:$H$200,MATCH(50,Zuteilungen!$J$2:$J$200,0))),"") | I54: =IFERROR(IF(INDEX(Zuteilungen!$I$2:$I$200,MATCH(50,Zuteilungen!$J$2:$J$200,0))="","",INDEX(Zuteilungen!$I$2:$I$200,MATCH(50,Zuteilungen!$J$2:$J$200,0))),"")
A55: =IFERROR(IF(MATCH(51,Zuteilungen!$J$2:$J$200,0)>0,51,""),"") | B55: =IFERROR(IF(INDEX(Zuteilungen!$A$2:$A$200,MATCH(51,Zuteilungen!$J$2:$J$200,0))="","",INDEX(Zuteilungen!$A$2:$A$200,MATCH(51,Zuteilungen!$J$2:$J$200,0))),"") | C55: =IFERROR(IF(INDEX(Zuteilungen!$B$2:$B$200,MATCH(51,Zuteilungen!$J$2:$J$200,0))="","",INDEX(Zuteilungen!$B$2:$B$200,MATCH(51,Zuteilungen!$J$2:$J$200,0))),"") | D55: =IFERROR(IF(INDEX(Zuteilungen!$C$2:$C$200,MATCH(51,Zuteilungen!$J$2:$J$200,0))="","",INDEX(Zuteilungen!$C$2:$C$200,MATCH(51,Zuteilungen!$J$2:$J$200,0))),"") | E55: =IFERROR(IF(INDEX(Zuteilungen!$D$2:$D$200,MATCH(51,Zuteilungen!$J$2:$J$200,0))="","",INDEX(Zuteilungen!$D$2:$D$200,MATCH(51,Zuteilungen!$J$2:$J$200,0))),"") | F55: =IFERROR(IF(INDEX(Zuteilungen!$E$2:$E$200,MATCH(51,Zuteilungen!$J$2:$J$200,0))="","",INDEX(Zuteilungen!$E$2:$E$200,MATCH(51,Zuteilungen!$J$2:$J$200,0))),"") | G55: =IFERROR(IF(INDEX(Zuteilungen!$F$2:$F$200,MATCH(51,Zuteilungen!$J$2:$J$200,0))="","",INDEX(Zuteilungen!$F$2:$F$200,MATCH(51,Zuteilungen!$J$2:$J$200,0))),"") | H55: =IFERROR(IF(INDEX(Zuteilungen!$H$2:$H$200,MATCH(51,Zuteilungen!$J$2:$J$200,0))="","",INDEX(Zuteilungen!$H$2:$H$200,MATCH(51,Zuteilungen!$J$2:$J$200,0))),"") | I55: =IFERROR(IF(INDEX(Zuteilungen!$I$2:$I$200,MATCH(51,Zuteilungen!$J$2:$J$200,0))="","",INDEX(Zuteilungen!$I$2:$I$200,MATCH(51,Zuteilungen!$J$2:$J$200,0))),"")
A56: =IFERROR(IF(MATCH(52,Zuteilungen!$J$2:$J$200,0)>0,52,""),"") | B56: =IFERROR(IF(INDEX(Zuteilungen!$A$2:$A$200,MATCH(52,Zuteilungen!$J$2:$J$200,0))="","",INDEX(Zuteilungen!$A$2:$A$200,MATCH(52,Zuteilungen!$J$2:$J$200,0))),"") | C56: =IFERROR(IF(INDEX(Zuteilungen!$B$2:$B$200,MATCH(52,Zuteilungen!$J$2:$J$200,0))="","",INDEX(Zuteilungen!$B$2:$B$200,MATCH(52,Zuteilungen!$J$2:$J$200,0))),"") | D56: =IFERROR(IF(INDEX(Zuteilungen!$C$2:$C$200,MATCH(52,Zuteilungen!$J$2:$J$200,0))="","",INDEX(Zuteilungen!$C$2:$C$200,MATCH(52,Zuteilungen!$J$2:$J$200,0))),"") | E56: =IFERROR(IF(INDEX(Zuteilungen!$D$2:$D$200,MATCH(52,Zuteilungen!$J$2:$J$200,0))="","",INDEX(Zuteilungen!$D$2:$D$200,MATCH(52,Zuteilungen!$J$2:$J$200,0))),"") | F56: =IFERROR(IF(INDEX(Zuteilungen!$E$2:$E$200,MATCH(52,Zuteilungen!$J$2:$J$200,0))="","",INDEX(Zuteilungen!$E$2:$E$200,MATCH(52,Zuteilungen!$J$2:$J$200,0))),"") | G56: =IFERROR(IF(INDEX(Zuteilungen!$F$2:$F$200,MATCH(52,Zuteilungen!$J$2:$J$200,0))="","",INDEX(Zuteilungen!$F$2:$F$200,MATCH(52,Zuteilungen!$J$2:$J$200,0))),"") | H56: =IFERROR(IF(INDEX(Zuteilungen!$H$2:$H$200,MATCH(52,Zuteilungen!$J$2:$J$200,0))="","",INDEX(Zuteilungen!$H$2:$H$200,MATCH(52,Zuteilungen!$J$2:$J$200,0))),"") | I56: =IFERROR(IF(INDEX(Zuteilungen!$I$2:$I$200,MATCH(52,Zuteilungen!$J$2:$J$200,0))="","",INDEX(Zuteilungen!$I$2:$I$200,MATCH(52,Zuteilungen!$J$2:$J$200,0))),"")
A57: =IFERROR(IF(MATCH(53,Zuteilungen!$J$2:$J$200,0)>0,53,""),"") | B57: =IFERROR(IF(INDEX(Zuteilungen!$A$2:$A$200,MATCH(53,Zuteilungen!$J$2:$J$200,0))="","",INDEX(Zuteilungen!$A$2:$A$200,MATCH(53,Zuteilungen!$J$2:$J$200,0))),"") | C57: =IFERROR(IF(INDEX(Zuteilungen!$B$2:$B$200,MATCH(53,Zuteilungen!$J$2:$J$200,0))="","",INDEX(Zuteilungen!$B$2:$B$200,MATCH(53,Zuteilungen!$J$2:$J$200,0))),"") | D57: =IFERROR(IF(INDEX(Zuteilungen!$C$2:$C$200,MATCH(53,Zuteilungen!$J$2:$J$200,0))="","",INDEX(Zuteilungen!$C$2:$C$200,MATCH(53,Zuteilungen!$J$2:$J$200,0))),"") | E57: =IFERROR(IF(INDEX(Zuteilungen!$D$2:$D$200,MATCH(53,Zuteilungen!$J$2:$J$200,0))="","",INDEX(Zuteilungen!$D$2:$D$200,MATCH(53,Zuteilungen!$J$2:$J$200,0))),"") | F57: =IFERROR(IF(INDEX(Zuteilungen!$E$2:$E$200,MATCH(53,Zuteilungen!$J$2:$J$200,0))="","",INDEX(Zuteilungen!$E$2:$E$200,MATCH(53,Zuteilungen!$J$2:$J$200,0))),"") | G57: =IFERROR(IF(INDEX(Zuteilungen!$F$2:$F$200,MATCH(53,Zuteilungen!$J$2:$J$200,0))="","",INDEX(Zuteilungen!$F$2:$F$200,MATCH(53,Zuteilungen!$J$2:$J$200,0))),"") | H57: =IFERROR(IF(INDEX(Zuteilungen!$H$2:$H$200,MATCH(53,Zuteilungen!$J$2:$J$200,0))="","",INDEX(Zuteilungen!$H$2:$H$200,MATCH(53,Zuteilungen!$J$2:$J$200,0))),"") | I57: =IFERROR(IF(INDEX(Zuteilungen!$I$2:$I$200,MATCH(53,Zuteilungen!$J$2:$J$200,0))="","",INDEX(Zuteilungen!$I$2:$I$200,MATCH(53,Zuteilungen!$J$2:$J$200,0))),"")
A58: =IFERROR(IF(MATCH(54,Zuteilungen!$J$2:$J$200,0)>0,54,""),"") | B58: =IFERROR(IF(INDEX(Zuteilungen!$A$2:$A$200,MATCH(54,Zuteilungen!$J$2:$J$200,0))="","",INDEX(Zuteilungen!$A$2:$A$200,MATCH(54,Zuteilungen!$J$2:$J$200,0))),"") | C58: =IFERROR(IF(INDEX(Zuteilungen!$B$2:$B$200,MATCH(54,Zuteilungen!$J$2:$J$200,0))="","",INDEX(Zuteilungen!$B$2:$B$200,MATCH(54,Zuteilungen!$J$2:$J$200,0))),"") | D58: =IFERROR(IF(INDEX(Zuteilungen!$C$2:$C$200,MATCH(54,Zuteilungen!$J$2:$J$200,0))="","",INDEX(Zuteilungen!$C$2:$C$200,MATCH(54,Zuteilungen!$J$2:$J$200,0))),"") | E58: =IFERROR(IF(INDEX(Zuteilungen!$D$2:$D$200,MATCH(54,Zuteilungen!$J$2:$J$200,0))="","",INDEX(Zuteilungen!$D$2:$D$200,MATCH(54,Zuteilungen!$J$2:$J$200,0))),"") | F58: =IFERROR(IF(INDEX(Zuteilungen!$E$2:$E$200,MATCH(54,Zuteilungen!$J$2:$J$200,0))="","",INDEX(Zuteilungen!$E$2:$E$200,MATCH(54,Zuteilungen!$J$2:$J$200,0))),"") | G58: =IFERROR(IF(INDEX(Zuteilungen!$F$2:$F$200,MATCH(54,Zuteilungen!$J$2:$J$200,0))="","",INDEX(Zuteilungen!$F$2:$F$200,MATCH(54,Zuteilungen!$J$2:$J$200,0))),"") | H58: =IFERROR(IF(INDEX(Zuteilungen!$H$2:$H$200,MATCH(54,Zuteilungen!$J$2:$J$200,0))="","",INDEX(Zuteilungen!$H$2:$H$200,MATCH(54,Zuteilungen!$J$2:$J$200,0))),"") | I58: =IFERROR(IF(INDEX(Zuteilungen!$I$2:$I$200,MATCH(54,Zuteilungen!$J$2:$J$200,0))="","",INDEX(Zuteilungen!$I$2:$I$200,MATCH(54,Zuteilungen!$J$2:$J$200,0))),"")
A59: =IFERROR(IF(MATCH(55,Zuteilungen!$J$2:$J$200,0)>0,55,""),"") | B59: =IFERROR(IF(INDEX(Zuteilungen!$A$2:$A$200,MATCH(55,Zuteilungen!$J$2:$J$200,0))="","",INDEX(Zuteilungen!$A$2:$A$200,MATCH(55,Zuteilungen!$J$2:$J$200,0))),"") | C59: =IFERROR(IF(INDEX(Zuteilungen!$B$2:$B$200,MATCH(55,Zuteilungen!$J$2:$J$200,0))="","",INDEX(Zuteilungen!$B$2:$B$200,MATCH(55,Zuteilungen!$J$2:$J$200,0))),"") | D59: =IFERROR(IF(INDEX(Zuteilungen!$C$2:$C$200,MATCH(55,Zuteilungen!$J$2:$J$200,0))="","",INDEX(Zuteilungen!$C$2:$C$200,MATCH(55,Zuteilungen!$J$2:$J$200,0))),"") | E59: =IFERROR(IF(INDEX(Zuteilungen!$D$2:$D$200,MATCH(55,Zuteilungen!$J$2:$J$200,0))="","",INDEX(Zuteilungen!$D$2:$D$200,MATCH(55,Zuteilungen!$J$2:$J$200,0))),"") | F59: =IFERROR(IF(INDEX(Zuteilungen!$E$2:$E$200,MATCH(55,Zuteilungen!$J$2:$J$200,0))="","",INDEX(Zuteilungen!$E$2:$E$200,MATCH(55,Zuteilungen!$J$2:$J$200,0))),"") | G59: =IFERROR(IF(INDEX(Zuteilungen!$F$2:$F$200,MATCH(55,Zuteilungen!$J$2:$J$200,0))="","",INDEX(Zuteilungen!$F$2:$F$200,MATCH(55,Zuteilungen!$J$2:$J$200,0))),"") | H59: =IFERROR(IF(INDEX(Zuteilungen!$H$2:$H$200,MATCH(55,Zuteilungen!$J$2:$J$200,0))="","",INDEX(Zuteilungen!$H$2:$H$200,MATCH(55,Zuteilungen!$J$2:$J$200,0))),"") | I59: =IFERROR(IF(INDEX(Zuteilungen!$I$2:$I$200,MATCH(55,Zuteilungen!$J$2:$J$200,0))="","",INDEX(Zuteilungen!$I$2:$I$200,MATCH(55,Zuteilungen!$J$2:$J$200,0))),"")
A60: =IFERROR(IF(MATCH(56,Zuteilungen!$J$2:$J$200,0)>0,56,""),"") | B60: =IFERROR(IF(INDEX(Zuteilungen!$A$2:$A$200,MATCH(56,Zuteilungen!$J$2:$J$200,0))="","",INDEX(Zuteilungen!$A$2:$A$200,MATCH(56,Zuteilungen!$J$2:$J$200,0))),"") | C60: =IFERROR(IF(INDEX(Zuteilungen!$B$2:$B$200,MATCH(56,Zuteilungen!$J$2:$J$200,0))="","",INDEX(Zuteilungen!$B$2:$B$200,MATCH(56,Zuteilungen!$J$2:$J$200,0))),"") | D60: =IFERROR(IF(INDEX(Zuteilungen!$C$2:$C$200,MATCH(56,Zuteilungen!$J$2:$J$200,0))="","",INDEX(Zuteilungen!$C$2:$C$200,MATCH(56,Zuteilungen!$J$2:$J$200,0))),"") | E60: =IFERROR(IF(INDEX(Zuteilungen!$D$2:$D$200,MATCH(56,Zuteilungen!$J$2:$J$200,0))="","",INDEX(Zuteilungen!$D$2:$D$200,MATCH(56,Zuteilungen!$J$2:$J$200,0))),"") | F60: =IFERROR(IF(INDEX(Zuteilungen!$E$2:$E$200,MATCH(56,Zuteilungen!$J$2:$J$200,0))="","",INDEX(Zuteilungen!$E$2:$E$200,MATCH(56,Zuteilungen!$J$2:$J$200,0))),"") | G60: =IFERROR(IF(INDEX(Zuteilungen!$F$2:$F$200,MATCH(56,Zuteilungen!$J$2:$J$200,0))="","",INDEX(Zuteilungen!$F$2:$F$200,MATCH(56,Zuteilungen!$J$2:$J$200,0))),"") | H60: =IFERROR(IF(INDEX(Zuteilungen!$H$2:$H$200,MATCH(56,Zuteilungen!$J$2:$J$200,0))="","",INDEX(Zuteilungen!$H$2:$H$200,MATCH(56,Zuteilungen!$J$2:$J$200,0))),"") | I60: =IFERROR(IF(INDEX(Zuteilungen!$I$2:$I$200,MATCH(56,Zuteilungen!$J$2:$J$200,0))="","",INDEX(Zuteilungen!$I$2:$I$200,MATCH(56,Zuteilungen!$J$2:$J$200,0))),"")
A61: =IFERROR(IF(MATCH(57,Zuteilungen!$J$2:$J$200,0)>0,57,""),"") | B61: =IFERROR(IF(INDEX(Zuteilungen!$A$2:$A$200,MATCH(57,Zuteilungen!$J$2:$J$200,0))="","",INDEX(Zuteilungen!$A$2:$A$200,MATCH(57,Zuteilungen!$J$2:$J$200,0))),"") | C61: =IFERROR(IF(INDEX(Zuteilungen!$B$2:$B$200,MATCH(57,Zuteilungen!$J$2:$J$200,0))="","",INDEX(Zuteilungen!$B$2:$B$200,MATCH(57,Zuteilungen!$J$2:$J$200,0))),"") | D61: =IFERROR(IF(INDEX(Zuteilungen!$C$2:$C$200,MATCH(57,Zuteilungen!$J$2:$J$200,0))="","",INDEX(Zuteilungen!$C$2:$C$200,MATCH(57,Zuteilungen!$J$2:$J$200,0))),"") | E61: =IFERROR(IF(INDEX(Zuteilungen!$D$2:$D$200,MATCH(57,Zuteilungen!$J$2:$J$200,0))="","",INDEX(Zuteilungen!$D$2:$D$200,MATCH(57,Zuteilungen!$J$2:$J$200,0))),"") | F61: =IFERROR(IF(INDEX(Zuteilungen!$E$2:$E$200,MATCH(57,Zuteilungen!$J$2:$J$200,0))="","",INDEX(Zuteilungen!$E$2:$E$200,MATCH(57,Zuteilungen!$J$2:$J$200,0))),"") | G61: =IFERROR(IF(INDEX(Zuteilungen!$F$2:$F$200,MATCH(57,Zuteilungen!$J$2:$J$200,0))="","",INDEX(Zuteilungen!$F$2:$F$200,MATCH(57,Zuteilungen!$J$2:$J$200,0))),"") | H61: =IFERROR(IF(INDEX(Zuteilungen!$H$2:$H$200,MATCH(57,Zuteilungen!$J$2:$J$200,0))="","",INDEX(Zuteilungen!$H$2:$H$200,MATCH(57,Zuteilungen!$J$2:$J$200,0))),"") | I61: =IFERROR(IF(INDEX(Zuteilungen!$I$2:$I$200,MATCH(57,Zuteilungen!$J$2:$J$200,0))="","",INDEX(Zuteilungen!$I$2:$I$200,MATCH(57,Zuteilungen!$J$2:$J$200,0))),"")
A62: =IFERROR(IF(MATCH(58,Zuteilungen!$J$2:$J$200,0)>0,58,""),"") | B62: =IFERROR(IF(INDEX(Zuteilungen!$A$2:$A$200,MATCH(58,Zuteilungen!$J$2:$J$200,0))="","",INDEX(Zuteilungen!$A$2:$A$200,MATCH(58,Zuteilungen!$J$2:$J$200,0))),"") | C62: =IFERROR(IF(INDEX(Zuteilungen!$B$2:$B$200,MATCH(58,Zuteilungen!$J$2:$J$200,0))="","",INDEX(Zuteilungen!$B$2:$B$200,MATCH(58,Zuteilungen!$J$2:$J$200,0))),"") | D62: =IFERROR(IF(INDEX(Zuteilungen!$C$2:$C$200,MATCH(58,Zuteilungen!$J$2:$J$200,0))="","",INDEX(Zuteilungen!$C$2:$C$200,MATCH(58,Zuteilungen!$J$2:$J$200,0))),"") | E62: =IFERROR(IF(INDEX(Zuteilungen!$D$2:$D$200,MATCH(58,Zuteilungen!$J$2:$J$200,0))="","",INDEX(Zuteilungen!$D$2:$D$200,MATCH(58,Zuteilungen!$J$2:$J$200,0))),"") | F62: =IFERROR(IF(INDEX(Zuteilungen!$E$2:$E$200,MATCH(58,Zuteilungen!$J$2:$J$200,0))="","",INDEX(Zuteilungen!$E$2:$E$200,MATCH(58,Zuteilungen!$J$2:$J$200,0))),"") | G62: =IFERROR(IF(INDEX(Zuteilungen!$F$2:$F$200,MATCH(58,Zuteilungen!$J$2:$J$200,0))="","",INDEX(Zuteilungen!$F$2:$F$200,MATCH(58,Zuteilungen!$J$2:$J$200,0))),"") | H62: =IFERROR(IF(INDEX(Zuteilungen!$H$2:$H$200,MATCH(58,Zuteilungen!$J$2:$J$200,0))="","",INDEX(Zuteilungen!$H$2:$H$200,MATCH(58,Zuteilungen!$J$2:$J$200,0))),"") | I62: =IFERROR(IF(INDEX(Zuteilungen!$I$2:$I$200,MATCH(58,Zuteilungen!$J$2:$J$200,0))="","",INDEX(Zuteilungen!$I$2:$I$200,MATCH(58,Zuteilungen!$J$2:$J$200,0))),"")
A63: =IFERROR(IF(MATCH(59,Zuteilungen!$J$2:$J$200,0)>0,59,""),"") | B63: =IFERROR(IF(INDEX(Zuteilungen!$A$2:$A$200,MATCH(59,Zuteilungen!$J$2:$J$200,0))="","",INDEX(Zuteilungen!$A$2:$A$200,MATCH(59,Zuteilungen!$J$2:$J$200,0))),"") | C63: =IFERROR(IF(INDEX(Zuteilungen!$B$2:$B$200,MATCH(59,Zuteilungen!$J$2:$J$200,0))="","",INDEX(Zuteilungen!$B$2:$B$200,MATCH(59,Zuteilungen!$J$2:$J$200,0))),"") | D63: =IFERROR(IF(INDEX(Zuteilungen!$C$2:$C$200,MATCH(59,Zuteilungen!$J$2:$J$200,0))="","",INDEX(Zuteilungen!$C$2:$C$200,MATCH(59,Zuteilungen!$J$2:$J$200,0))),"") | E63: =IFERROR(IF(INDEX(Zuteilungen!$D$2:$D$200,MATCH(59,Zuteilungen!$J$2:$J$200,0))="","",INDEX(Zuteilungen!$D$2:$D$200,MATCH(59,Zuteilungen!$J$2:$J$200,0))),"") | F63: =IFERROR(IF(INDEX(Zuteilungen!$E$2:$E$200,MATCH(59,Zuteilungen!$J$2:$J$200,0))="","",INDEX(Zuteilungen!$E$2:$E$200,MATCH(59,Zuteilungen!$J$2:$J$200,0))),"") | G63: =IFERROR(IF(INDEX(Zuteilungen!$F$2:$F$200,MATCH(59,Zuteilungen!$J$2:$J$200,0))="","",INDEX(Zuteilungen!$F$2:$F$200,MATCH(59,Zuteilungen!$J$2:$J$200,0))),"") | H63: =IFERROR(IF(INDEX(Zuteilungen!$H$2:$H$200,MATCH(59,Zuteilungen!$J$2:$J$200,0))="","",INDEX(Zuteilungen!$H$2:$H$200,MATCH(59,Zuteilungen!$J$2:$J$200,0))),"") | I63: =IFERROR(IF(INDEX(Zuteilungen!$I$2:$I$200,MATCH(59,Zuteilungen!$J$2:$J$200,0))="","",INDEX(Zuteilungen!$I$2:$I$200,MATCH(59,Zuteilungen!$J$2:$J$200,0))),"")
A64: =IFERROR(IF(MATCH(60,Zuteilungen!$J$2:$J$200,0)>0,60,""),"") | B64: =IFERROR(IF(INDEX(Zuteilungen!$A$2:$A$200,MATCH(60,Zuteilungen!$J$2:$J$200,0))="","",INDEX(Zuteilungen!$A$2:$A$200,MATCH(60,Zuteilungen!$J$2:$J$200,0))),"") | C64: =IFERROR(IF(INDEX(Zuteilungen!$B$2:$B$200,MATCH(60,Zuteilungen!$J$2:$J$200,0))="","",INDEX(Zuteilungen!$B$2:$B$200,MATCH(60,Zuteilungen!$J$2:$J$200,0))),"") | D64: =IFERROR(IF(INDEX(Zuteilungen!$C$2:$C$200,MATCH(60,Zuteilungen!$J$2:$J$200,0))="","",INDEX(Zuteilungen!$C$2:$C$200,MATCH(60,Zuteilungen!$J$2:$J$200,0))),"") | E64: =IFERROR(IF(INDEX(Zuteilungen!$D$2:$D$200,MATCH(60,Zuteilungen!$J$2:$J$200,0))="","",INDEX(Zuteilungen!$D$2:$D$200,MATCH(60,Zuteilungen!$J$2:$J$200,0))),"") | F64: =IFERROR(IF(INDEX(Zuteilungen!$E$2:$E$200,MATCH(60,Zuteilungen!$J$2:$J$200,0))="","",INDEX(Zuteilungen!$E$2:$E$200,MATCH(60,Zuteilungen!$J$2:$J$200,0))),"") | G64: =IFERROR(IF(INDEX(Zuteilungen!$F$2:$F$200,MATCH(60,Zuteilungen!$J$2:$J$200,0))="","",INDEX(Zuteilungen!$F$2:$F$200,MATCH(60,Zuteilungen!$J$2:$J$200,0))),"") | H64: =IFERROR(IF(INDEX(Zuteilungen!$H$2:$H$200,MATCH(60,Zuteilungen!$J$2:$J$200,0))="","",INDEX(Zuteilungen!$H$2:$H$200,MATCH(60,Zuteilungen!$J$2:$J$200,0))),"") | I64: =IFERROR(IF(INDEX(Zuteilungen!$I$2:$I$200,MATCH(60,Zuteilungen!$J$2:$J$200,0))="","",INDEX(Zuteilungen!$I$2:$I$200,MATCH(60,Zuteilungen!$J$2:$J$200,0))),"")
E66: Summe Stunden der kommentierten Zeilen | H66: =SUM(H5:H64) -> 5
A68: Die Liste füllt sich selbst – hier bitte nichts eintippen. Reicht der Platz nicht, sag Bescheid, dann verlängere ich sie.
